word;lecture;exercise;profile_timestamp;image_timestamp;tts_1_timestamp;tts_2_timestamp;tts_3_timestamp
faulenzen;1;1a;2025-12-20 17:59:46;2025-12-20 17:59:53;2025-12-20 17:59:57;2025-12-20 18:00:00;2025-12-20 18:00:03
giftig;1;1a;2025-12-20 19:13:05;2025-12-20 19:13:13;2025-12-20 19:13:27;2025-12-20 19:13:38;2025-12-20 19:13:48
himmel, der, -;1;1a;2025-12-20 20:19:38;2025-12-20 20:16:22;2025-12-20 19:20:16;2025-12-20 19:20:27;2025-12-20 19:20:37
im freien;1;1a;2025-12-20 19:14:56;2025-12-20 19:15:02;2025-12-20 19:15:13;2025-12-20 19:15:23;2025-12-20 19:15:33
insekt, das, -en;1;1a;2025-12-20 20:19:45;2025-12-20 20:16:36;2025-12-20 19:21:01;2025-12-20 19:21:12;2025-12-20 19:21:24
netz, das, -e (er hat nachts ein netz vor dem zelt.);1;1a;2025-12-20 20:19:49;2025-12-20 20:16:49;2025-12-20 19:21:49;2025-12-20 19:22:00;2025-12-20 19:22:10
pilz, der, -e;1;1a;2025-12-20 20:19:53;2025-12-20 20:17:00;2025-12-20 19:22:30;2025-12-20 19:22:41;2025-12-20 19:22:52
schutz, der (sg.);1;1a;2025-12-20 20:19:56;2025-12-20 20:17:13;2025-12-20 19:23:14;2025-12-20 19:23:24;2025-12-20 19:23:34
zelten;1;1a;2025-12-20 20:17:17;2025-12-20 20:09:51;2025-12-20 19:24:00;2025-12-20 19:24:10;2025-12-20 19:24:21
angenehm;1;2;2025-12-20 20:09:55;2025-12-20 20:10:03;2025-12-20 19:24:46;2025-12-20 19:24:56;2025-12-20 19:25:07
aussicht, die, -en;1;2;2025-12-20 20:20:01;2025-12-20 20:10:13;2025-12-20 19:25:31;2025-12-20 19:25:42;2025-12-20 19:25:53
dabei sein (für + a.) (im urlaub am meer ist für jeden etwas dabei.);1;2;2025-12-20 21:27:29;2025-12-20 21:27:29;2025-12-20 21:27:29;2025-12-20 21:27:29;2025-12-20 21:27:29
drüben;1;2;2025-12-20 20:10:33;2025-12-20 21:27:29;2025-12-20 21:27:29;2025-12-20 21:27:29;2025-12-20 21:27:29
erlebnis, das, -se;1;2;2025-12-20 20:20:13;2025-12-20 21:31:17;2025-12-20 21:31:17;2025-12-20 21:31:17;2025-12-20 21:31:17
genuss, der (sg.);1;2;2025-12-20 20:20:19;2025-12-20 21:36:02;2025-12-21 19:12:43;2025-12-21 19:12:43;2025-12-21 19:12:43
herrlich;1;2;2025-12-20 20:11:09;2025-12-20 21:36:02;2025-12-21 19:13:08;2025-12-21 19:13:08;2025-12-21 19:13:08
küste, die, -n;1;2;2025-12-20 20:20:23;2025-12-20 21:36:02;2025-12-21 19:13:32;2025-12-21 19:13:32;2025-12-21 19:13:32
reif;1;2;2025-12-20 20:11:30;2025-12-20 21:36:02;2025-12-21 19:13:55;2025-12-21 19:13:55;2025-12-21 19:13:55
sand, der (sg.);1;2;2025-12-20 20:20:26;2025-12-20 21:36:02;2025-12-21 19:14:20;2025-12-21 19:14:20;2025-12-21 19:14:20
traube, die, -n;1;2;2025-12-20 20:20:29;2025-12-20 20:12:00;2025-12-21 19:14:45;2025-12-21 19:14:45;2025-12-21 19:14:45
urlaubsgruß, der, -e;1;2;2025-12-20 20:20:36;2025-12-20 20:20:42;2025-12-21 19:15:10;2025-12-21 19:15:10;2025-12-21 19:15:10
sich vor|stellen;1;3a;2025-12-20 21:40:46;2025-12-20 21:42:03;2025-12-21 19:15:36;2025-12-21 19:15:36;2025-12-21 19:15:36
derselbe, dasselbe, dieselbe;1;3b;2025-12-20 21:40:52;2025-12-20 21:42:10;2025-12-21 19:16:00;2025-12-21 19:16:00;2025-12-21 19:16:00
entfernung, die, -en;1;3b;2025-12-20 20:21:12;2025-12-20 20:21:23;2025-12-21 19:38:03;2025-12-21 19:38:03;2025-12-21 19:38:03
ferienhaus, das, -er;1;3b;2025-12-20 20:21:26;2025-12-20 20:21:32;2025-12-21 19:38:26;2025-12-21 19:38:26;2025-12-21 19:38:26
gründlich;1;3b;2025-12-20 20:21:36;2025-12-20 20:21:44;2025-12-21 19:38:51;2025-12-21 19:38:51;2025-12-21 19:38:51
rechtzeitig;1;3b;2025-12-20 20:21:47;2025-12-20 20:21:55;2025-12-21 19:39:16;2025-12-21 19:39:16;2025-12-21 19:39:16
schick;1;3b;2025-12-20 20:21:59;2025-12-20 20:22:05;2025-12-21 19:39:40;2025-12-21 19:39:40;2025-12-21 19:39:40
typ, der, -en;1;3b;2025-12-20 20:22:10;2025-12-20 20:22:16;2025-12-21 19:40:04;2025-12-21 19:40:04;2025-12-21 19:40:04
urlaubstyp, der, -en;1;3b;2025-12-20 20:22:21;2025-12-20 20:22:27;2025-12-21 19:40:32;2025-12-21 19:40:32;2025-12-21 19:40:32
urlaubsziel, das, -e;1;3b;2025-12-20 20:22:30;2025-12-20 20:22:43;2025-12-21 19:40:56;2025-12-21 19:40:56;2025-12-21 19:40:56
chat, der, -s;1;4a;2025-12-20 20:22:46;2025-12-20 20:22:52;2025-12-21 19:41:20;2025-12-21 19:41:20;2025-12-21 19:41:20
erholen (sich);1;4a;2025-12-20 21:40:55;2025-12-20 21:42:10;2025-12-21 19:41:45;2025-12-21 19:41:45;2025-12-21 19:41:45
kompromiss, der, -e;1;4a;2025-12-20 20:23:05;2025-12-20 20:23:11;2025-12-21 19:42:09;2025-12-21 19:42:09;2025-12-21 19:42:09
meinetwegen;1;4a;2025-12-20 20:23:18;2025-12-20 20:23:25;2025-12-21 19:42:37;2025-12-21 19:42:37;2025-12-21 19:42:37
sorry (ugs.);1;4a;2025-12-20 21:41:07;2025-12-20 21:42:17;2025-12-21 19:43:02;2025-12-21 19:43:02;2025-12-21 19:43:02
urlaubsplanung, die, -en;1;4a;2025-12-20 20:23:46;2025-12-20 20:28:27;2025-12-21 19:43:30;2025-12-21 19:43:30;2025-12-21 19:43:30
wieso;1;4a;2025-12-20 20:28:33;2025-12-20 20:28:40;2025-12-21 19:43:55;2025-12-21 19:43:55;2025-12-21 19:43:55
zu (ich habe keine lust, lange nach einer ferienwohnung zu suchen.);1;4a;2025-12-20 21:41:13;2025-12-20 21:42:17;2025-12-21 19:44:19;2025-12-21 19:44:19;2025-12-21 19:44:19
entspannend;1;5a;2025-12-20 20:29:12;2025-12-20 20:29:18;2025-12-21 19:44:53;2025-12-21 19:44:53;2025-12-21 19:44:53
denken;1;5a;2025-12-20 20:29:23;2025-12-20 20:29:29;2025-12-21 19:45:18;2025-12-21 19:45:18;2025-12-21 19:45:18
erfahren, er erfährt, erfuhr, hat erfahren;1;5c;2025-12-20 20:29:43;2025-12-20 20:29:52;2025-12-21 19:45:43;2025-12-21 19:45:43;2025-12-21 19:45:43
schifffahrt, die, -en;1;6a;2025-12-20 20:29:55;2025-12-20 20:30:03;2025-12-21 19:46:09;2025-12-21 19:46:09;2025-12-21 19:46:09
wellnesshotel, das, -s;1;6a;2025-12-20 20:30:06;2025-12-20 20:30:13;2025-12-21 19:46:34;2025-12-21 19:46:34;2025-12-21 19:46:34
ca.;1;7;2025-12-20 20:30:16;2025-12-20 20:30:22;2025-12-21 19:46:58;2025-12-21 19:46:58;2025-12-21 19:46:58
enthalten sein (in + d.) (in der küche ist viel zu viel essen enthalten.);1;7;2025-12-20 21:41:22;2025-12-20 21:42:17;2025-12-21 19:47:22;2025-12-21 19:47:22;2025-12-21 19:47:22
fahrtzeit, die, -en;1;7;2025-12-20 20:30:42;2025-12-20 20:30:50;2025-12-21 19:47:45;2025-12-21 19:47:45;2025-12-21 19:47:45
gästehaus, das, -er;1;7;2025-12-20 20:30:54;2025-12-20 20:31:02;2025-12-21 19:48:10;2025-12-21 19:48:10;2025-12-21 19:48:10
halbpension, die (sg.);1;7;2025-12-20 20:31:07;2025-12-20 20:31:14;2025-12-21 23:46:58;2025-12-21 23:46:58;2025-12-21 23:46:58
höchstens;1;7;2025-12-20 20:31:19;2025-12-20 20:31:27;2025-12-22 14:57:39;2025-12-22 14:57:39;2025-12-22 14:57:39
reisebüro-mitarbeiter, der, -;1;7;2025-12-20 21:41:26;2025-12-20 21:42:17;2025-12-22 14:58:03;2025-12-22 14:58:03;2025-12-22 14:58:03
reisebüro-mitarbeiterin, die, -nen;1;7;2025-12-20 20:31:44;2025-12-20 20:31:50;2025-12-22 14:59:47;2025-12-22 14:59:47;2025-12-22 14:59:47
skibus, der, -se;1;7;2025-12-20 20:31:54;2025-12-20 20:32:02;2025-12-22 17:21:37;2025-12-22 17:21:37;2025-12-22 17:21:37
skigebiet, das, -e;1;7;2025-12-20 20:32:05;2025-12-20 20:32:13;2025-12-22 17:22:03;2025-12-22 17:22:03;2025-12-22 17:22:03
skilift, der, -e;1;7;2025-12-20 20:32:17;2025-12-20 20:32:25;2025-12-22 17:22:27;2025-12-22 17:22:27;2025-12-22 17:22:27
vollpension, die (sg.);1;7;2025-12-20 20:32:28;2025-12-20 20:32:35;2025-12-22 17:22:57;2025-12-22 17:22:57;2025-12-22 17:22:57
wellness-bereich, der, -e;1;7;2025-12-20 21:41:30;2025-12-20 21:42:17;2025-12-22 17:23:23;2025-12-22 17:23:23;2025-12-22 17:23:23
winterurlaub, der, -e;1;7;2025-12-20 21:41:33;2025-12-20 21:42:24;2025-12-22 17:23:57;2025-12-22 17:23:57;2025-12-22 17:23:57
sprechen;1;7a;2025-12-20 21:41:38;2025-12-20 21:42:31;2025-12-22 17:24:23;2025-12-22 17:24:23;2025-12-22 17:24:23
badewanne, die, -n;1;8b;2025-12-20 21:41:42;2025-12-20 21:42:39;2025-12-22 17:24:49;2025-12-22 17:24:49;2025-12-22 17:24:49
boot, das, -e;1;8b;2025-12-20 21:41:46;2025-12-20 21:42:48;2025-12-22 17:25:13;2025-12-22 17:25:13;2025-12-22 17:25:13
da (da rothenburg so bekannt ist, kommen viele touristen in die stadt.);1;8b;2025-12-20 21:41:52;2025-12-20 21:42:55;2025-12-22 17:25:39;2025-12-22 17:25:39;2025-12-22 17:25:39
einfall, der, -e;1;8b;2025-12-20 21:41:59;2025-12-20 21:43:01;2025-12-22 17:26:02;2025-12-22 17:26:02;2025-12-22 17:26:02
enttäuscht;1;8b;2025-12-21 19:08:45;2025-12-21 19:34:30;2025-12-22 17:26:26;2025-12-22 17:26:26;2025-12-22 17:26:26
forumstext, der, -e;1;8b;2025-12-21 19:08:49;2025-12-21 19:34:43;2025-12-22 17:27:17;2025-12-22 17:27:17;2025-12-22 17:27:17
jedenfalls;1;8b;2025-12-21 19:08:52;2025-12-21 19:34:51;2025-12-22 17:27:41;2025-12-22 17:27:41;2025-12-22 17:27:41
liegen (1), er liegt, lag, hat gelegen (in umfragen liegen meistens große städte vorn.);1;8b;2025-12-21 19:08:58;2025-12-21 19:34:58;2025-12-22 17:28:07;2025-12-22 17:28:07;2025-12-22 17:28:07
obwohl;1;8b;2025-12-21 19:09:02;2025-12-21 19:35:05;2025-12-22 17:28:29;2025-12-22 17:28:29;2025-12-22 17:28:29
offenbar;1;8b;2025-12-21 19:09:07;2025-12-21 19:35:13;2025-12-22 17:28:52;2025-12-22 17:28:52;2025-12-22 17:28:52
solche, solchen;1;8b;2025-12-21 19:09:15;2025-12-21 19:35:22;2025-12-22 17:29:25;2025-12-22 17:29:25;2025-12-22 17:29:25
spazieren;1;8b;2025-12-21 19:09:19;2025-12-21 19:35:32;2025-12-22 17:29:48;2025-12-22 17:29:48;2025-12-22 17:29:48
stadtatmosphäre, die (sg.);1;8b;2025-12-21 19:09:23;2025-12-21 19:35:41;2025-12-22 17:30:11;2025-12-22 17:30:11;2025-12-22 17:30:11
strandpromenade, die, -n;1;8b;2025-12-21 19:09:26;2025-12-21 19:35:49;2025-12-22 17:30:36;2025-12-22 17:30:36;2025-12-22 17:30:36
weg sein;1;8b;2025-12-21 19:09:29;2025-12-21 19:35:54;2025-12-22 17:31:00;2025-12-22 17:31:00;2025-12-22 17:31:00
strandurlaub, der, -e;1;8c;2025-12-21 19:09:32;2025-12-21 19:36:00;2025-12-22 17:31:25;2025-12-22 17:31:25;2025-12-22 17:31:25
abenteuer, das, -;1;9a;2025-12-21 19:09:36;2025-12-21 19:36:06;2025-12-22 17:31:49;2025-12-22 17:31:49;2025-12-22 17:31:49
auf|bauen;1;9a;2025-12-21 19:09:41;2025-12-21 19:36:15;2025-12-22 17:32:13;2025-12-22 17:32:13;2025-12-22 17:32:13
bild-geschichte, die, -n;1;9a;2025-12-21 19:12:02;2025-12-21 19:36:23;2025-12-22 17:32:39;2025-12-22 17:32:39;2025-12-22 17:32:39
bock (sg. ohne artikel, ugs.) (keinen bock mehr auf etwas haben);1;9a;2025-12-21 19:33:08;2025-12-21 19:36:29;2025-12-22 17:33:02;2025-12-22 17:33:02;2025-12-22 17:33:02
brennen, er brennt, brannte, hat gebrannt;1;9a;2025-12-21 19:33:18;2025-12-21 19:36:35;2025-12-22 17:33:26;2025-12-22 17:33:26;2025-12-22 17:33:26
eimer, der, - (es regnet! der ganze ausflug ist im eimer!);1;9a;2025-12-21 19:33:23;2025-12-21 19:36:43;2025-12-22 17:33:53;2025-12-22 17:33:53;2025-12-22 17:33:53
kofferraum, der, -e;1;9a;2025-12-21 19:33:27;2025-12-21 19:36:50;2025-12-22 17:34:17;2025-12-22 17:34:17;2025-12-22 17:34:17
mehrfach;1;9a;2025-12-21 19:33:31;2025-12-21 19:36:57;2025-12-22 17:34:42;2025-12-22 17:34:42;2025-12-22 17:34:42
schief|gehen, es geht schief, ging schief, ist schiefgegangen;1;9a;2025-12-21 19:33:36;2025-12-21 19:37:05;2025-12-23 19:29:12;2025-12-23 19:29:12;2025-12-23 19:29:12
tragen, er trägt, trug, hat getragen (gepäck zum auto tragen);1;9a;2025-12-21 19:33:42;2025-12-21 19:37:13;2025-12-23 19:29:35;2025-12-23 19:29:35;2025-12-23 19:29:35
verzweifelt;1;9a;2025-12-21 19:33:49;2025-12-21 19:37:22;2025-12-23 19:30:00;2025-12-23 19:30:00;2025-12-23 19:30:00
wiese, die, -n;1;9a;2025-12-21 19:33:53;2025-12-21 19:37:29;2025-12-23 19:30:23;2025-12-23 19:30:23;2025-12-23 19:30:23
zeug, das (sg.);1;9a;2025-12-21 19:34:00;2025-12-21 19:37:36;2025-12-23 19:30:56;2025-12-23 19:30:56;2025-12-23 19:30:56
sich gewöhnen;1;9a;2025-12-21 19:34:04;2025-12-21 19:37:43;2025-12-23 19:31:21;2025-12-23 19:31:21;2025-12-23 19:31:21
sich interessieren;1;9a;2025-12-21 19:34:09;2025-12-21 19:37:49;2025-12-23 19:31:46;2025-12-23 19:31:46;2025-12-23 19:31:46
sich setzen;1;9a;2025-12-21 19:34:14;2025-12-21 19:37:55;2025-12-23 19:32:10;2025-12-23 19:32:10;2025-12-23 19:32:10
sich überlegen;1;9a;2025-12-21 19:34:19;2025-12-21 19:38:03;2025-12-23 19:32:33;2025-12-23 19:32:33;2025-12-23 19:32:33
sorgen;1;9a;2025-12-21 21:03:29;2025-12-21 21:04:08;2025-12-23 19:32:58;2025-12-23 19:32:58;2025-12-23 19:32:58
fest machen;1;9c;2025-12-21 21:03:32;2025-12-21 21:04:14;2025-12-23 19:33:20;2025-12-23 19:33:20;2025-12-23 19:33:20
perspektive, die, -n;1;9c;2025-12-21 21:03:37;2025-12-21 21:04:21;2025-12-23 19:33:46;2025-12-23 19:33:46;2025-12-23 19:33:46
diktieren;1;10c;2025-12-21 21:03:42;2025-12-21 21:04:28;2025-12-23 19:34:11;2025-12-23 19:34:11;2025-12-23 19:34:11
auf (ohren auf!);1;11a;2025-12-21 21:03:52;2025-12-21 21:04:36;2025-12-23 19:34:35;2025-12-23 19:34:35;2025-12-23 19:34:35
ice, der, -s;1;11a;2025-12-21 21:05:55;2025-12-21 22:01:22;2025-12-23 19:35:01;2025-12-23 19:35:01;2025-12-23 19:35:01
zugnummer, die, -n;1;11a;2025-12-21 21:06:00;2025-12-21 22:01:29;2025-12-23 19:35:28;2025-12-23 19:35:28;2025-12-23 19:35:28
bushaltestelle, die, -n;1;12b;2025-12-21 21:06:04;2025-12-21 22:01:35;2025-12-23 19:35:54;2025-12-23 19:35:54;2025-12-23 19:35:54
gepäckband, das, -er;1;12b;2025-12-21 21:06:08;2025-12-21 22:01:41;2025-12-23 19:36:19;2025-12-23 19:36:19;2025-12-23 19:36:19
tiergarten, der, -;1;12b;2025-12-21 21:06:16;2025-12-21 22:01:48;2025-12-23 19:36:44;2025-12-23 19:36:44;2025-12-23 19:36:44
hauptbahnhof, der, -e;1;12c;2025-12-21 21:06:20;2025-12-22 14:47:38;2025-12-23 19:37:09;2025-12-23 19:37:09;2025-12-23 19:37:09
alm, die, -en;1;13a;2025-12-21 21:06:24;2025-12-22 14:47:47;2025-12-23 19:37:33;2025-12-23 19:37:33;2025-12-23 19:37:33
almsommer, der, -;1;13a;2025-12-21 21:06:28;2025-12-22 14:47:53;2025-12-23 19:37:57;2025-12-23 19:37:57;2025-12-23 19:37:57
almurlaub, der, -e;1;13a;2025-12-21 21:06:32;2025-12-22 14:48:00;2025-12-23 19:38:22;2025-12-23 19:38:22;2025-12-23 19:38:22
begeistert;1;13a;2025-12-21 21:06:36;2025-12-22 14:48:05;2025-12-23 19:38:46;2025-12-23 19:38:46;2025-12-23 19:38:46
beinahe;1;13a;2025-12-21 21:06:40;2025-12-22 14:48:12;2025-12-23 19:39:10;2025-12-23 19:39:10;2025-12-23 19:39:10
eher (insgesamt ist es eher einsam hier auf der alm.);1;13a;2025-12-21 21:06:44;2025-12-22 14:48:19;2025-12-23 19:39:34;2025-12-23 19:39:34;2025-12-23 19:39:34
einsamkeit, die (sg.);1;13a;2025-12-21 21:06:47;2025-12-22 14:48:25;2025-12-23 19:40:01;2025-12-23 19:40:01;2025-12-23 19:40:01
empfang, der (sg.) (hier auf dem berg gibt es keinen empfang für handys.);1;13a;2025-12-21 21:06:51;2025-12-22 14:48:31;2025-12-23 19:40:24;2025-12-23 19:40:25;2025-12-23 19:40:25
entschließen (sich) (zu + d.), er entschließt, entschloss, hat entschlossen;1;13a;2025-12-21 21:06:55;2025-12-22 14:48:38;2025-12-23 19:40:52;2025-12-23 19:40:52;2025-12-23 19:40:52
erholt;1;13a;2025-12-21 21:07:00;2025-12-22 14:48:44;2025-12-23 19:41:15;2025-12-23 19:41:15;2025-12-23 19:41:15
erkälten (sich);1;13a;2025-12-21 21:07:04;2025-12-22 14:48:50;2025-12-23 19:41:40;2025-12-23 19:41:40;2025-12-23 19:41:40
falls;1;13a;2025-12-21 21:07:08;2025-12-22 14:48:58;2025-12-23 19:42:03;2025-12-23 19:42:03;2025-12-23 19:42:03
gebirge, das, -;1;13a;2025-12-21 21:07:12;2025-12-22 14:49:03;2025-12-23 19:42:28;2025-12-23 19:42:28;2025-12-23 19:42:28
gegen (wir treffen uns gegen 8 uhr, okay?);1;13a;2025-12-21 21:07:19;2025-12-22 14:49:11;2025-12-23 19:42:51;2025-12-23 19:42:51;2025-12-23 19:42:51
heim|fahren, er fährt heim, fuhr heim, ist heimgefahren;1;13a;2025-12-21 21:07:25;2025-12-22 14:49:21;2025-12-23 19:56:15;2025-12-23 19:56:15;2025-12-23 19:56:15
heimweh, das (sg.);1;13a;2025-12-21 21:07:31;2025-12-22 14:49:30;2025-12-25 12:31:52;2025-12-25 12:31:52;2025-12-25 12:31:52
hierher;1;13a;2025-12-21 21:07:36;2025-12-22 14:49:38;2025-12-25 12:32:40;2025-12-25 12:32:40;2025-12-25 12:32:40
hütte, die, -n;1;13a;2025-12-21 21:07:39;2025-12-22 14:49:44;2025-12-25 12:33:32;2025-12-25 12:33:32;2025-12-25 12:33:32
käserei, die, -en;1;13a;2025-12-21 21:07:43;2025-12-22 14:49:53;2025-12-25 12:35:18;2025-12-25 12:35:18;2025-12-25 12:35:18
melken;1;13a;2025-12-21 21:07:47;2025-12-22 14:50:01;2025-12-25 12:35:42;2025-12-25 12:35:42;2025-12-25 12:35:42
momentan;1;13a;2025-12-21 21:07:51;2025-12-22 14:50:08;2025-12-25 12:36:12;2025-12-25 12:36:12;2025-12-25 12:36:12
neuigkeit, die, -en;1;13a;2025-12-21 21:07:55;2025-12-22 14:50:14;2025-12-25 12:37:16;2025-12-25 12:37:16;2025-12-25 12:37:16
rückblick, der, -e;1;13a;2025-12-21 21:07:58;2025-12-22 14:50:20;2025-12-25 12:37:59;2025-12-25 12:37:59;2025-12-25 12:37:59
sonnenaufgang, der, -e;1;13a;2025-12-21 21:08:01;2025-12-22 14:50:28;2025-12-25 12:38:31;2025-12-25 12:38:31;2025-12-25 12:38:31
terminkalender, der, -;1;13a;2025-12-21 21:08:06;2025-12-22 14:50:39;2025-12-25 12:40:34;2025-12-25 12:40:34;2025-12-25 12:40:34
vorbei sein;1;13a;2025-12-21 21:08:22;2025-12-22 14:50:45;2025-12-25 12:42:10;2025-12-25 12:42:10;2025-12-25 12:42:10
zeitpunkt, der, -e;1;13a;2025-12-21 21:08:25;2025-12-22 14:50:53;2025-12-25 12:42:33;2025-12-25 12:42:33;2025-12-25 12:42:33
almaufenthalt, der, -e;1;13b;2025-12-21 21:08:30;2025-12-22 14:50:59;2025-12-25 12:43:28;2025-12-25 12:43:28;2025-12-25 12:43:28
mit|arbeiten;1;13b;2025-12-21 21:08:34;2025-12-22 14:51:08;2025-12-25 12:44:08;2025-12-25 12:44:08;2025-12-25 12:44:08
ferienclub, der, -s;1;13c;2025-12-21 21:08:37;2025-12-22 14:51:15;2025-12-25 12:44:33;2025-12-25 12:44:33;2025-12-25 12:44:33
olivenbaum, der, -e;1;13c;2025-12-21 21:08:41;2025-12-22 14:51:21;2025-12-25 12:45:07;2025-12-25 12:45:07;2025-12-25 12:45:07
weihnachtsferien, die (pl.);1;13c;2025-12-21 21:08:47;2025-12-22 14:51:28;2025-12-25 12:46:54;2025-12-25 12:46:54;2025-12-25 12:46:54
benötigen;2;1a;2025-12-21 21:08:52;2025-12-22 14:51:38;2025-12-25 12:47:28;2025-12-25 12:47:28;2025-12-25 12:47:28
fingerabdruck, der, -e;2;1a;2025-12-21 21:08:57;2025-12-22 14:51:46;2025-12-25 12:47:52;2025-12-25 12:47:52;2025-12-25 12:47:52
funkkopfhörer, der, -;2;1a;2025-12-21 21:09:04;2025-12-22 14:51:52;2025-12-25 12:50:06;2025-12-25 12:50:06;2025-12-25 12:50:06
lastenfahrrad, das, -er;2;1a;2025-12-21 21:09:10;2025-12-22 14:51:59;2025-12-25 12:51:04;2025-12-25 12:51:04;2025-12-25 12:51:04
sprachassistent, der, -en;2;1a;2025-12-21 21:09:14;2025-12-22 14:52:06;2025-12-25 12:52:02;2025-12-25 12:52:02;2025-12-25 12:52:02
steh-sitz-tisch, der, -e;2;1a;2025-12-21 21:09:20;2025-12-22 14:52:12;2025-12-25 12:52:28;2025-12-25 12:52:28;2025-12-25 12:52:28
türöffner, der, -;2;1a;2025-12-21 21:09:25;2025-12-22 14:52:21;2025-12-25 12:53:02;2025-12-25 12:53:02;2025-12-25 12:53:02
sich entscheiden;2;1a;2025-12-21 21:09:29;2025-12-22 14:52:27;2025-12-25 12:54:11;2025-12-25 12:54:11;2025-12-25 12:54:11
an|schließen (1), er schließt an, schloss an, hat angeschlossen (er schließt den lautsprecher an den laptop an.);2;1b;2025-12-21 21:09:35;2025-12-22 14:52:33;2025-12-25 12:54:48;2025-12-25 12:54:48;2025-12-25 12:54:48
auf|laden, er lädt auf, lud auf, hat aufgeladen;2;1b;2025-12-21 21:09:43;2025-12-22 14:52:40;2025-12-25 12:55:47;2025-12-25 12:55:47;2025-12-25 12:55:47
bedienen;2;1b;2025-12-21 21:09:51;2025-12-22 14:52:45;2025-12-25 12:56:50;2025-12-25 12:56:50;2025-12-25 12:56:50
ein|setzen (1) (eine batterie ins handy einsetzen);2;1b;2025-12-21 21:09:57;2025-12-22 14:52:51;2025-12-25 12:57:15;2025-12-25 12:57:15;2025-12-25 12:57:15
ein|stecken;2;1b;2025-12-21 21:10:04;2025-12-22 14:52:57;2025-12-25 12:57:56;2025-12-25 12:57:56;2025-12-25 12:57:56
installieren;2;1b;2025-12-21 21:10:08;2025-12-22 14:53:03;2025-12-25 12:59:55;2025-12-25 12:59:55;2025-12-25 12:59:55
schalten (das handy stumm schalten);2;1b;2025-12-21 21:10:12;2025-12-22 14:53:10;2025-12-25 13:00:19;2025-12-25 13:00:19;2025-12-25 13:00:19
slogan, der, -s;2;1b;2025-12-21 21:10:17;2025-12-22 14:53:17;2025-12-25 13:01:47;2025-12-25 13:01:47;2025-12-25 13:01:47
stumm (das handy stumm schalten);2;1b;2025-12-21 21:10:23;2025-12-22 14:53:22;2025-12-25 13:03:55;2025-12-25 13:03:55;2025-12-25 13:03:55
taste, die, -n;2;1b;2025-12-21 21:10:29;2025-12-22 14:53:28;2025-12-25 15:25:42;2025-12-25 15:25:42;2025-12-25 15:25:42
transport, der, -e;2;1b;2025-12-21 21:10:33;2025-12-22 14:53:37;2025-12-25 17:58:47;2025-12-25 17:58:47;2025-12-25 17:58:47
sich wohl|fühlen;2;2a;2025-12-21 21:10:38;2025-12-22 14:53:43;2025-12-25 20:02:15;2025-12-25 20:02:15;2025-12-25 20:02:15
anleitung, die, -en;2;3a;2025-12-21 21:10:42;2025-12-22 14:53:52;2025-12-25 20:33:03;2025-12-25 20:33:03;2025-12-25 20:33:03
an|schaffen (sich);2;3a;2025-12-21 21:10:47;2025-12-22 14:53:59;2025-12-26 10:29:11;2025-12-26 10:29:11;2025-12-26 10:29:11
bloß;2;3a;2025-12-21 21:10:52;2025-12-22 14:54:06;2025-12-26 10:29:36;2025-12-26 10:29:36;2025-12-26 10:29:36
frage, die, -n (vor einer frage stehen);2;3a;2025-12-21 21:10:57;2025-12-22 14:54:13;2025-12-26 10:30:03;2025-12-26 10:30:03;2025-12-26 10:30:03
handyladen, der, -;2;3a;2025-12-21 21:11:02;2025-12-22 14:54:20;2025-12-26 10:30:40;2025-12-26 10:30:40;2025-12-26 10:30:40
herunter|fallen, er fällt herunter, fiel herunter, ist heruntergefallen;2;3a;2025-12-21 21:11:06;2025-12-22 14:54:28;2025-12-26 10:31:04;2025-12-26 10:31:04;2025-12-26 10:31:04
irgendetwas;2;3a;2025-12-21 21:11:12;2025-12-22 14:54:36;2025-12-26 10:31:29;2025-12-26 10:31:29;2025-12-26 10:31:29
kaputt|gehen, er geht kaputt, ging kaputt, ist kaputtgegangen;2;3a;2025-12-21 21:11:18;2025-12-22 14:54:42;2025-12-26 10:31:52;2025-12-26 10:31:52;2025-12-26 10:31:52
kommen (1), er kommt, kam, ist gekommen (auf den markt kommen);2;3a;2025-12-21 21:11:24;2025-12-22 14:54:51;2025-12-26 10:32:17;2025-12-26 10:32:17;2025-12-26 10:32:17
lohnen (sich);2;3a;2025-12-21 21:11:30;2025-12-22 14:54:57;2025-12-26 10:32:46;2025-12-26 10:32:46;2025-12-26 10:32:46
sonderangebot, das, -e;2;3a;2025-12-21 21:11:35;2025-12-22 14:55:07;2025-12-26 10:33:10;2025-12-26 10:33:10;2025-12-26 10:33:10
staubsauger, der, -;2;3a;2025-12-21 21:11:41;2025-12-22 14:55:16;2025-12-26 10:33:36;2025-12-26 10:33:36;2025-12-26 10:33:36
stehen (1), er steht, stand, hat gestanden (vor einer frage stehen);2;3a;2025-12-21 21:11:53;2025-12-22 14:55:24;2025-12-26 10:34:00;2025-12-26 10:34:00;2025-12-26 10:34:00
technisch;2;3a;2025-12-21 21:11:59;2025-12-22 14:55:31;2025-12-26 10:34:25;2025-12-26 10:34:25;2025-12-26 10:34:25
sich freuen;2;3a;2025-12-21 21:12:06;2025-12-22 14:55:37;2025-12-26 10:36:26;2025-12-26 10:36:26;2025-12-26 10:36:26
sich vor|bereiten;2;3a;2025-12-21 21:12:12;2025-12-22 14:55:45;2025-12-26 10:36:52;2025-12-26 10:36:52;2025-12-26 10:36:52
knopf, der, -e;2;3e;2025-12-21 21:12:18;2025-12-22 14:55:51;2025-12-26 10:37:15;2025-12-26 10:37:15;2025-12-26 10:37:15
nähen;2;3e;2025-12-21 21:12:22;2025-12-22 14:55:57;2025-12-26 10:38:05;2025-12-26 10:38:05;2025-12-26 10:38:05
reinigen;2;3e;2025-12-21 21:12:28;2025-12-22 14:56:04;2025-12-26 10:38:32;2025-12-26 10:38:32;2025-12-26 10:38:32
streichen, er streicht, strich, hat gestrichen;2;3e;2025-12-21 21:12:40;2025-12-22 14:56:15;2025-12-26 10:39:10;2025-12-26 10:39:10;2025-12-26 10:39:10
kopfhörer, der, -;2;4a;2025-12-21 21:12:44;2025-12-22 14:56:27;2025-12-26 10:39:47;2025-12-26 10:39:47;2025-12-26 10:39:47
ladekabel, das, -;2;4a;2025-12-21 21:12:49;2025-12-22 14:56:34;2025-12-26 10:40:10;2025-12-26 10:40:10;2025-12-26 10:40:10
powerbank, die, -s;2;4a;2025-12-21 21:12:55;2025-12-22 14:56:40;2025-12-26 10:40:35;2025-12-26 10:40:35;2025-12-26 10:40:35
sich aus|ruhen;2;4a;2025-12-21 21:13:02;2025-12-22 14:56:48;2025-12-26 10:41:02;2025-12-26 10:41:02;2025-12-26 10:41:02
verbringen;2;4a;2025-12-21 21:13:08;2025-12-22 14:56:55;2025-12-26 10:41:26;2025-12-26 10:41:26;2025-12-26 10:41:26
daher;2;4b;2025-12-21 21:13:15;2025-12-22 14:57:01;2025-12-26 10:41:52;2025-12-26 10:41:52;2025-12-26 10:41:52
darum (1) (max‘ lautsprecher geht nicht, darum lässt er ihn reparieren.);2;4b;2025-12-21 21:13:20;2025-12-22 14:57:07;2025-12-26 10:42:15;2025-12-26 10:42:15;2025-12-26 10:42:15
deswegen;2;4b;2025-12-21 21:13:26;2025-12-22 14:57:12;2025-12-26 10:42:39;2025-12-26 10:42:39;2025-12-26 10:42:39
handyakku, der, -s;2;4b;2025-12-21 21:13:31;2025-12-22 14:57:18;2025-12-26 10:43:05;2025-12-26 10:43:05;2025-12-26 10:43:05
sodass;2;4b;2025-12-21 21:13:35;2025-12-22 14:57:25;2025-12-26 10:43:28;2025-12-26 10:43:28;2025-12-26 10:43:28
stick, der, -s;2;4b;2025-12-21 21:13:40;2025-12-22 14:57:32;2025-12-26 10:45:43;2025-12-26 10:45:43;2025-12-26 10:45:43
an|haben, er hat an, hatte an, hat angehabt;2;5a;2025-12-21 21:13:48;2025-12-22 17:20:48;2025-12-26 10:46:09;2025-12-26 10:46:09;2025-12-26 10:46:09
an|schalten;2;5a;2025-12-21 21:13:54;2025-12-22 17:20:57;2025-12-26 10:46:34;2025-12-26 10:46:34;2025-12-26 10:46:34
dabei|haben;2;5a;2025-12-21 21:14:00;2025-12-22 17:21:03;2025-12-26 10:46:57;2025-12-26 10:46:57;2025-12-26 10:46:57
diesmal;2;5a;2025-12-21 21:14:05;2025-12-22 17:21:11;2025-12-26 11:35:36;2025-12-26 11:35:36;2025-12-26 11:35:36
ec-karte, die, -n;2;5a;2025-12-21 21:14:11;2025-12-22 17:21:18;2026-01-26 14:19:44;2026-01-26 14:19:44;2026-01-26 14:19:44
gebrauchsanweisung, die, -en;2;5a;2025-12-21 21:14:16;2025-12-22 17:21:27;2026-01-26 14:20:11;2026-01-26 14:20:11;2026-01-26 14:20:11
geheimzahl, die, -en;2;5a;2025-12-21 21:14:22;2025-12-22 17:21:36;2026-01-26 14:21:04;2026-01-26 14:21:04;2026-01-26 14:21:04
geldautomat, der, -en;2;5a;2025-12-21 21:14:27;2025-12-23 19:23:23;2026-01-26 14:21:29;2026-01-26 14:21:29;2026-01-26 14:21:29
girokonto, das, -konten;2;5a;2025-12-22 14:36:41;2025-12-23 19:23:33;2026-01-26 14:22:19;2026-01-26 14:22:19;2026-01-26 14:22:19
gratis;2;5a;2025-12-22 14:36:51;2025-12-23 19:23:43;2026-01-26 14:25:11;2026-01-26 14:25:11;2026-01-26 14:25:11
nach|sehen, er sieht nach, sah nach, hat nachgesehen;2;5a;2025-12-22 14:36:57;2025-12-23 19:23:52;2026-01-26 14:27:25;2026-01-26 14:27:25;2026-01-26 14:27:25
portemonnaie, das, -s;2;5a;2025-12-22 14:37:03;2025-12-23 19:24:02;2026-01-26 14:27:51;2026-01-26 14:27:51;2026-01-26 14:27:51
rabatt, der, -e;2;5a;2025-12-22 14:37:08;2025-12-23 19:24:10;2026-01-26 14:28:17;2026-01-26 14:28:17;2026-01-26 14:28:17
rein (es war reines glück, dass ich mein handy wieder gefunden habe.);2;5a;2025-12-22 14:37:17;2025-12-23 19:24:21;2026-01-26 14:29:07;2026-01-26 14:29:07;2026-01-26 14:29:07
verraten, er verrät, verriet, hat verraten;2;5a;2025-12-22 14:37:29;2025-12-23 19:24:30;2026-01-26 14:30:36;2026-01-26 14:30:36;2026-01-26 14:30:36
zurück|gehen, er geht zurück, ging zurück, ist zurückgegangen;2;5a;2025-12-22 14:37:37;2025-12-23 19:24:39;2026-01-26 14:31:18;2026-01-26 14:31:18;2026-01-26 14:31:18
zurück|zahlen;2;5a;2025-12-22 14:37:43;2025-12-23 19:24:47;2026-01-26 14:31:41;2026-01-26 14:31:41;2026-01-26 14:31:41
sich aus|kennen;2;5a;2025-12-22 14:37:50;2025-12-23 19:24:57;2026-01-26 14:33:19;2026-01-26 14:33:19;2026-01-26 14:33:20
garantie, die, -n;2;5b;2025-12-22 14:37:57;2025-12-23 19:25:07;2026-01-26 14:35:01;2026-01-26 14:35:01;2026-01-26 14:35:01
laden, er lädt, lud, hat geladen (mein handy ist fast leer, ich muss es laden.);2;5b;2025-12-22 14:38:06;2025-12-23 19:25:17;2026-01-26 14:37:57;2026-01-26 14:37:57;2026-01-26 14:37:57
quittung, die, -en;2;5b;2025-12-22 14:38:12;2025-12-23 19:25:25;2026-01-26 14:38:58;2026-01-26 14:38:58;2026-01-26 14:38:58
reklamieren;2;5b;2025-12-22 14:38:19;2025-12-23 19:25:35;2026-01-26 14:41:11;2026-01-26 14:41:11;2026-01-26 14:41:11
testen;2;5c;2025-12-22 14:38:26;2025-12-23 19:25:45;2026-01-26 14:41:53;2026-01-26 14:41:53;2026-01-26 14:41:53
technologie, die, -n;2;6a;2025-12-22 14:38:32;2025-12-23 19:25:57;2026-01-26 14:43:46;2026-01-26 14:43:46;2026-01-26 14:43:46
vorstellung, die, -en (hast du eine vorstellung, wie eine smarte wohnung aussieht?);2;6a;2025-12-22 14:38:39;2025-12-23 19:26:05;2026-01-26 14:44:12;2026-01-26 14:44:12;2026-01-26 14:44:12
alarmanlage, die, -n;2;6b;2025-12-22 14:38:47;2025-12-23 19:26:13;2026-01-26 14:44:38;2026-01-26 14:44:38;2026-01-26 14:44:38
ausnahme, die, -n;2;6b;2025-12-22 14:38:55;2025-12-23 19:26:20;2026-01-26 14:45:34;2026-01-26 14:45:34;2026-01-26 14:45:34
bemerken;2;6b;2025-12-22 14:39:00;2025-12-23 19:26:30;2026-01-26 14:45:57;2026-01-26 14:45:57;2026-01-26 14:45:57
bereits;2;6b;2025-12-22 14:39:05;2025-12-23 19:26:42;2026-01-26 14:46:29;2026-01-26 14:46:29;2026-01-26 14:46:29
berühren;2;6b;2025-12-22 14:39:11;2025-12-23 19:26:50;2026-01-26 14:47:39;2026-01-26 14:47:39;2026-01-26 14:47:39
einbruch, der, -e;2;6b;2025-12-22 14:39:19;2025-12-23 19:27:01;2026-01-26 14:49:06;2026-01-26 14:49:06;2026-01-26 14:49:06
gleichzeitig;2;6b;2025-12-22 14:39:25;2025-12-23 19:27:11;2026-01-26 14:51:08;2026-01-26 14:51:08;2026-01-26 14:51:08
haustür, die, -en;2;6b;2025-12-22 14:39:30;2025-12-23 19:27:20;2026-01-26 14:52:07;2026-01-26 14:52:07;2026-01-26 14:52:07
hin|sehen, er sieht hin, sah hin, hat hin|gesehen;2;6b;2025-12-22 14:39:35;2025-12-23 19:27:29;2026-01-26 14:52:34;2026-01-26 14:52:34;2026-01-26 14:52:34
jalousie, die, -n;2;6b;2025-12-22 14:39:42;2025-12-23 19:27:40;2026-01-26 14:53:01;2026-01-26 14:53:01;2026-01-26 14:53:01
machen (zu + d.) (wir haben die wohnung zu einem smart home gemacht.);2;6b;2025-12-22 14:39:52;2025-12-23 19:27:50;2026-01-26 14:54:02;2026-01-26 14:54:02;2026-01-26 14:54:02
magazin, das, -e;2;6b;2025-12-22 14:40:00;2025-12-23 19:28:00;2026-01-26 14:57:30;2026-01-26 14:57:30;2026-01-26 14:57:30
monitor, der, -en;2;6b;2025-12-22 14:40:06;2025-12-23 19:28:11;2026-01-26 15:38:45;2026-01-26 15:38:45;2026-01-26 15:38:45
neubau, der, -ten;2;6b;2025-12-22 14:40:09;2025-12-23 19:28:21;2026-01-26 19:25:03;2026-01-26 19:25:03;2026-01-26 19:25:03
nutzung, die, -en;2;6b;2025-12-22 14:40:13;2025-12-23 19:28:30;2026-01-27 08:33:40;2026-01-27 08:33:40;2026-01-27 08:33:40
sicher (durch die alarmanlage fühlen sich die bewohner sicher.);2;6b;2025-12-22 14:40:21;2025-12-23 19:28:39;2026-01-27 10:19:49;2026-01-27 10:19:49;2026-01-27 10:19:49
smart;2;6b;2025-12-22 14:40:26;2025-12-23 19:28:46;2026-01-27 10:21:20;2026-01-27 10:21:20;2026-01-27 10:21:20
smart home, das, -s;2;6b;2025-12-22 14:40:32;2025-12-23 19:28:52;2026-01-27 10:22:09;2026-01-27 10:22:09;2026-01-27 10:22:09
steuern;2;6b;2025-12-22 14:40:40;2025-12-23 19:29:01;2026-01-27 10:23:07;2026-01-27 10:23:07;2026-01-27 10:23:07
tagesablauf, der, -e;2;6b;2025-12-22 14:40:45;2025-12-23 19:29:12;2026-01-27 10:24:11;2026-01-27 10:24:11;2026-01-27 10:24:11
videonachricht, die, -en;2;6b;2025-12-22 14:40:51;2025-12-23 21:32:37;2026-01-27 10:24:38;2026-01-27 10:24:38;2026-01-27 10:24:38
wand, die, -e;2;6b;2025-12-22 14:40:57;2025-12-23 21:32:47;2026-01-27 10:25:32;2026-01-27 10:25:32;2026-01-27 10:25:32
zentrale, die, -n;2;6b;2025-12-22 14:41:02;2025-12-23 21:32:54;2026-01-27 10:25:57;2026-01-27 10:25:57;2026-01-27 10:25:57
kommen (2), er kommt, kam, ist gekommen (zu besuch kommen);2;6c;2025-12-22 14:41:11;2025-12-23 21:32:54;2026-01-27 10:25:57;2026-01-27 10:25:57;2026-01-27 10:25:57
wessen;2;6c;2025-12-22 14:41:18;2025-12-23 21:33:04;2026-01-27 10:27:12;2026-01-27 10:27:12;2026-01-27 10:27:12
zu besuch kommen;2;6c;2025-12-22 14:41:24;2025-12-23 21:33:16;2026-01-27 10:28:00;2026-01-27 10:28:00;2026-01-27 10:28:00
an|passen (an + a.);2;6d;2025-12-22 14:41:36;2025-12-23 21:33:26;2026-01-27 10:28:26;2026-01-27 10:28:26;2026-01-27 10:28:26
ein|schalten;2;6d;2025-12-22 14:41:41;2025-12-23 21:33:35;2026-01-27 10:29:47;2026-01-27 10:29:47;2026-01-27 10:29:47
hightech (sg. ohne artikel);2;6d;2025-12-22 14:41:47;2025-12-25 10:14:54;2026-01-27 10:30:12;2026-01-27 10:30:12;2026-01-27 10:30:12
geschehen, er geschieht, geschah, ist geschehen;2;7a;2025-12-22 14:41:53;2025-12-25 10:15:01;2026-01-27 10:30:36;2026-01-27 10:30:36;2026-01-27 10:30:36
leisten (sich);2;7a;2025-12-22 14:42:02;2025-12-25 10:15:12;2026-01-27 10:31:47;2026-01-27 10:31:47;2026-01-27 10:31:47
sorge, die, -n (ich mache mir so viele sorgen um meine kinder.);2;7a;2025-12-22 14:42:11;2025-12-25 10:15:18;2026-01-27 10:32:26;2026-01-27 10:32:26;2026-01-27 10:32:26
trotz (+ g.);2;7a;2025-12-22 14:42:17;2025-12-25 10:15:24;2026-01-27 10:32:50;2026-01-27 10:32:50;2026-01-27 10:32:50
wegen (+ g.);2;7a;2025-12-22 14:42:23;2025-12-25 10:15:30;2026-01-27 10:33:14;2026-01-27 10:33:14;2026-01-27 10:33:14
sich kümmern;2;7a;2025-12-22 14:42:26;2025-12-25 10:15:37;2026-01-27 10:33:37;2026-01-27 10:33:37;2026-01-27 10:33:37
entsprechen, er entspricht, entsprach, hat entsprochen;2;7b;2025-12-22 14:42:33;2025-12-25 10:15:44;2026-01-27 10:36:51;2026-01-27 10:36:51;2026-01-27 10:36:51
einkaufsliste, die, -n;2;7c;2025-12-22 14:42:39;2025-12-25 10:15:51;2026-01-27 10:37:16;2026-01-27 10:37:16;2026-01-27 10:37:16
sparsam;2;7c;2025-12-22 14:42:46;2025-12-25 10:15:58;2026-01-27 10:37:41;2026-01-27 10:37:41;2026-01-27 10:37:41
von hand;2;7c;2025-12-22 14:42:53;2025-12-25 10:16:08;2026-01-27 10:38:06;2026-01-27 10:38:07;2026-01-27 10:38:07
gefahr, die, -en;2;7d;2025-12-22 14:42:59;2025-12-25 10:16:14;2026-01-27 10:38:41;2026-01-27 10:38:41;2026-01-27 10:38:41
sich ärgern;2;8a;2025-12-22 14:43:05;2025-12-25 10:16:26;2026-01-27 10:39:36;2026-01-27 10:39:36;2026-01-27 10:39:36
werbeanzeige, die, -n;2;9b;2025-12-22 14:43:10;2025-12-25 10:16:34;2026-01-27 10:40:26;2026-01-27 10:40:26;2026-01-27 10:40:26
ansprechend;2;9c;2025-12-22 14:43:15;2025-12-25 10:16:42;2026-01-27 10:41:23;2026-01-27 10:41:23;2026-01-27 10:41:23
unmodern;2;9c;2025-12-22 14:43:21;2025-12-25 10:16:49;2026-01-27 10:45:02;2026-01-27 10:45:02;2026-01-27 10:45:02
unverständlich;2;9c;2025-12-22 14:43:26;2025-12-25 10:16:55;2026-01-27 10:45:26;2026-01-27 10:45:26;2026-01-27 10:45:26
ausgezeichnet;2;9d;2025-12-22 14:43:34;2025-12-25 10:17:01;2026-01-27 10:45:52;2026-01-27 10:45:52;2026-01-27 10:45:52
frech;2;9d;2025-12-22 14:43:39;2025-12-25 10:17:10;2026-01-27 10:46:28;2026-01-27 10:46:28;2026-01-27 10:46:28
merkwürdig;2;9d;2025-12-22 14:43:45;2025-12-25 10:17:16;2026-01-27 10:46:52;2026-01-27 10:46:52;2026-01-27 10:46:52
seltsam;2;9d;2025-12-22 14:43:53;2025-12-25 10:17:24;2026-01-27 10:49:16;2026-01-27 10:49:16;2026-01-27 10:49:16
wirken (auf + a.);2;9d;2025-12-22 14:43:59;2025-12-25 10:17:30;2026-01-27 10:49:53;2026-01-27 10:49:53;2026-01-27 10:49:53
davon;2;10a;2025-12-22 14:44:12;2025-12-25 10:17:36;2026-01-27 11:20:50;2026-01-27 11:20:50;2026-01-27 11:20:50
klebefilm, der, -e;2;10a;2025-12-22 14:44:18;2025-12-25 10:17:43;2026-01-27 17:44:47;2026-01-27 17:44:47;2026-01-27 17:44:47
markenname, der, -n;2;10a;2025-12-22 14:44:23;2025-12-25 10:17:49;2026-01-27 17:45:24;2026-01-27 17:45:24;2026-01-27 17:45:24
schmerztablette, die, -n;2;10a;2025-12-22 14:44:27;2025-12-25 10:17:56;2026-01-28 11:44:29;2026-01-28 11:44:29;2026-01-28 11:44:29
süßstoff, der, -e;2;10a;2025-12-22 14:44:32;2025-12-25 10:18:02;2026-01-28 11:44:58;2026-01-28 11:44:58;2026-01-28 11:44:58
taschentuch, das, -er;2;10a;2025-12-22 14:44:39;2025-12-25 10:18:09;2026-01-28 11:46:54;2026-01-28 11:46:54;2026-01-28 11:46:54
sich um|sehen;2;10a;2025-12-22 14:44:48;2025-12-25 10:18:19;2026-01-28 11:47:25;2026-01-28 11:47:25;2026-01-28 11:47:25
sich erinnern;2;10a;2025-12-22 14:44:54;2025-12-25 10:18:25;2026-01-28 11:47:50;2026-01-28 11:47:50;2026-01-28 11:47:50
an|sprechen, er spricht an, sprach an, hat angesprochen (werbung spricht sehr oft gefühle an.);2;10b;2025-12-22 14:45:00;2025-12-25 10:18:31;2026-01-28 11:49:14;2026-01-28 11:49:14;2026-01-28 11:49:14
aufmerksam;2;10b;2025-12-22 14:45:06;2025-12-25 10:18:37;2026-01-28 11:49:56;2026-01-28 11:49:56;2026-01-28 11:49:56
automatisch;2;10b;2025-12-22 14:45:11;2025-12-25 10:18:45;2026-01-28 11:50:20;2026-01-28 11:50:20;2026-01-28 11:50:20
beeinflussen;2;10b;2025-12-22 14:45:19;2025-12-25 10:18:59;2026-01-28 11:50:47;2026-01-28 11:50:47;2026-01-28 11:50:47
dabei (werbung hilft dabei, dass kunden bestimmte produkte kaufen.);2;10b;2025-12-22 14:45:28;2025-12-25 10:19:05;2026-01-28 11:51:11;2026-01-28 11:51:11;2026-01-28 11:51:11
ebenfalls;2;10b;2025-12-22 14:45:31;2025-12-25 10:19:16;2026-01-28 11:51:49;2026-01-28 11:51:49;2026-01-28 11:51:49
erinnerung, die, -en (in erinnerung bleiben);2;10b;2025-12-22 14:45:38;2025-12-25 10:19:23;2026-01-28 11:52:14;2026-01-28 11:52:14;2026-01-28 11:52:14
genügen;2;10b;2025-12-22 14:45:44;2025-12-25 10:19:30;2026-01-28 11:52:48;2026-01-28 11:52:48;2026-01-28 11:52:48
interessiert;2;10b;2025-12-22 14:45:51;2025-12-25 12:15:24;2026-01-28 11:54:38;2026-01-28 11:54:38;2026-01-28 11:54:38
kaufverhalten, das, -;2;10b;2025-12-22 14:45:57;2025-12-25 12:15:31;2026-01-28 11:55:04;2026-01-28 11:55:04;2026-01-28 11:55:04
reichen (das reicht schon.);2;10b;2025-12-22 14:46:07;2025-12-25 12:15:37;2026-01-28 11:55:29;2026-01-28 11:55:29;2026-01-28 11:55:29
spruch, der, -e;2;10b;2025-12-22 14:46:13;2025-12-25 12:15:45;2026-01-28 11:57:18;2026-01-28 11:57:18;2026-01-28 11:57:18
überrascht;2;10b;2025-12-22 14:46:21;2025-12-25 12:15:51;2026-01-28 11:57:47;2026-01-28 11:57:47;2026-01-28 11:57:47
unternehmen, das, -;2;10b;2025-12-22 14:46:26;2025-12-25 12:15:59;2026-01-28 11:58:11;2026-01-28 11:58:11;2026-01-28 11:58:11
verhalten, das, -;2;10b;2025-12-22 14:46:33;2025-12-25 12:16:06;2026-01-28 11:58:37;2026-01-28 11:58:37;2026-01-28 11:58:37
vertrauen;2;10b;2025-12-22 14:46:45;2025-12-25 12:16:12;2026-01-28 11:59:03;2026-01-28 11:59:03;2026-01-28 11:59:03
werbesprache, die (sg.);2;10b;2025-12-22 14:46:50;2025-12-25 12:16:19;2026-01-28 11:59:29;2026-01-28 11:59:29;2026-01-28 11:59:29
werbetrick, der, -s;2;10b;2025-12-22 14:46:53;2025-12-25 12:16:28;2026-01-28 11:59:54;2026-01-28 11:59:54;2026-01-28 11:59:54
wortspiel, das, -e;2;10b;2025-12-22 14:46:57;2025-12-25 12:16:37;2026-01-28 12:00:17;2026-01-28 12:00:17;2026-01-28 12:00:17
merkmal, das, -e;2;10c;2025-12-22 14:47:03;2025-12-25 12:16:58;2026-01-28 12:00:42;2026-01-28 12:00:42;2026-01-28 12:00:42
finnland;2;11;2025-12-22 14:47:12;2025-12-25 12:17:04;2026-01-28 12:01:43;2026-01-28 12:01:43;2026-01-28 12:01:43
italienisch;2;11;2025-12-22 14:47:16;2025-12-25 12:17:12;2026-01-28 12:02:22;2026-01-28 12:02:22;2026-01-28 12:02:22
kinderprodukt, das, -e;2;11;2025-12-22 14:47:21;2025-12-25 12:17:20;2026-01-28 12:02:56;2026-01-28 12:02:56;2026-01-28 12:02:56
ungesund;2;11;2025-12-22 17:18:02;2025-12-25 12:17:26;2026-01-28 12:03:19;2026-01-28 12:03:19;2026-01-28 12:03:19
verbieten, er verbietet, verbat, hat verboten;2;11;2025-12-22 17:18:10;2025-12-25 12:17:32;2026-01-28 12:03:47;2026-01-28 12:03:47;2026-01-28 12:03:47
verboten;2;11;2025-12-22 17:18:23;2025-12-25 12:17:38;2026-01-28 12:04:14;2026-01-28 12:04:14;2026-01-28 12:04:14
arbeiter, der, -;3;1a;2025-12-22 17:18:29;2025-12-25 12:17:45;2026-01-28 12:04:51;2026-01-28 12:04:51;2026-01-28 12:04:51
arbeiterin, die, -nen;3;1a;2025-12-22 17:18:35;2025-12-25 12:17:51;2026-01-28 12:05:16;2026-01-28 12:05:16;2026-01-28 12:05:16
automatisiert;3;1a;2025-12-22 17:18:44;2025-12-25 12:17:58;2026-01-28 12:06:14;2026-01-28 12:06:14;2026-01-28 12:06:14
bedingung, die, -en;3;1a;2025-12-22 17:18:48;2025-12-25 12:18:09;2026-01-28 14:24:47;2026-01-28 14:24:47;2026-01-28 14:24:47
behandlung, die, -en;3;1a;2025-12-22 17:18:56;2025-12-25 12:18:15;2026-01-28 14:29:31;2026-01-28 14:29:31;2026-01-28 14:29:31
diagnose, die, -n;3;1a;2025-12-22 17:19:01;2025-12-25 12:18:22;2026-01-28 22:37:23;2026-01-28 22:37:23;2026-01-28 22:37:23
gruppenarbeit, die, -en;3;1a;2025-12-22 17:19:07;2025-12-25 12:18:27;2026-01-29 21:13:51;2026-01-29 21:13:51;2026-01-29 21:13:51
handarbeit, die, -en;3;1a;2025-12-22 17:19:14;2025-12-25 12:18:33;2026-01-29 21:15:29;2026-01-29 21:15:29;2026-01-29 21:15:29
hygiene, die (sg.);3;1a;2025-12-22 17:19:24;2025-12-25 12:18:38;2026-01-29 21:15:56;2026-01-29 21:15:56;2026-01-29 21:15:56
konkurrenz, die (sg.);3;1a;2025-12-22 17:19:29;2025-12-25 12:18:48;2026-01-29 21:16:20;2026-01-29 21:16:20;2026-01-29 21:16:20
medizinisch;3;1a;2025-12-22 17:19:38;2025-12-25 12:18:54;2026-01-29 21:16:43;2026-01-29 21:16:43;2026-01-29 21:16:43
monoton;3;1a;2025-12-22 17:19:44;2025-12-25 12:19:03;2026-01-29 21:17:38;2026-01-29 21:17:38;2026-01-29 21:17:38
operieren;3;1a;2025-12-22 17:19:54;2025-12-25 12:19:10;2026-01-29 21:18:04;2026-01-29 21:18:04;2026-01-29 21:18:04
pflegekraft, die, -e;3;1a;2025-12-22 17:20:01;2025-12-25 12:19:16;2026-01-29 21:18:26;2026-01-29 21:18:26;2026-01-29 21:18:26
schulbildung, die (sg.);3;1a;2025-12-22 17:20:07;2025-12-25 12:19:27;2026-01-29 21:18:49;2026-01-29 21:18:49;2026-01-29 21:18:49
strafe, die, -n;3;1a;2025-12-22 17:20:14;2025-12-25 12:19:33;2026-01-29 21:19:15;2026-01-29 21:19:15;2026-01-29 21:19:15
tolerant;3;1a;2025-12-22 17:20:22;2025-12-25 12:25:10;2026-01-29 21:19:42;2026-01-29 21:19:42;2026-01-29 21:19:42
unterrichtsform, die, -en;3;1a;2025-12-22 17:20:27;2025-12-25 12:25:17;2026-01-29 21:20:07;2026-01-29 21:20:07;2026-01-29 21:20:07
deuten;3;1a;2025-12-23 19:17:41;2025-12-25 12:25:23;2026-01-29 21:20:31;2026-01-29 21:20:31;2026-01-29 21:20:31
gegensatz, der, -e;3;1b;2025-12-23 19:17:46;2025-12-25 12:25:29;2026-01-29 21:20:56;2026-01-29 21:20:56;2026-01-29 21:20:56
minimal;3;1b;2025-12-23 19:17:52;2025-12-25 12:25:36;2026-01-29 21:21:23;2026-01-29 21:21:23;2026-01-29 21:21:23
ausschließlich;3;2;2025-12-23 19:17:59;2025-12-25 12:25:44;2026-01-29 21:21:46;2026-01-29 21:21:46;2026-01-29 21:21:46
bewusst;3;2;2025-12-23 19:18:11;2025-12-25 12:25:49;2026-01-29 21:22:10;2026-01-29 21:22:10;2026-01-29 21:22:10
biologisch;3;2;2025-12-23 19:18:17;2025-12-25 12:25:58;2026-01-29 21:22:35;2026-01-29 21:22:35;2026-01-29 21:22:35
diät, die, -en;3;2;2025-12-23 19:18:23;2025-12-25 12:26:04;2026-01-29 21:22:59;2026-01-29 21:22:59;2026-01-29 21:22:59
ernähren (sich);3;2;2025-12-23 19:18:33;2025-12-25 12:26:12;2026-01-29 21:23:23;2026-01-29 21:23:23;2026-01-29 21:23:23
ernährung, die (sg.);3;2;2025-12-23 19:18:40;2025-12-25 12:26:18;2026-01-29 21:23:48;2026-01-29 21:23:48;2026-01-29 21:23:48
fitness, die (sg.);3;2;2025-12-23 19:18:44;2025-12-25 12:26:26;2026-01-29 21:24:16;2026-01-29 21:24:16;2026-01-29 21:24:16
form, die, -en;3;2;2025-12-23 19:18:52;2025-12-25 12:26:32;2026-01-29 21:24:40;2026-01-29 21:24:40;2026-01-29 21:24:40
frucht, die, -e;3;2;2025-12-23 19:18:59;2025-12-25 12:26:40;2026-01-29 21:25:07;2026-01-29 21:25:07;2026-01-29 21:25:07
halten, er hält, hielt, hat gehalten (diät halten);3;2;2025-12-23 19:19:10;2025-12-25 12:26:47;2026-01-29 21:25:33;2026-01-29 21:25:33;2026-01-29 21:25:33
karotte, die, -n;3;2;2025-12-23 19:19:16;2025-12-25 12:26:52;2026-01-29 21:25:59;2026-01-29 21:25:59;2026-01-29 21:25:59
nahrungsmittel, das, -;3;2;2025-12-23 19:19:23;2025-12-25 12:26:58;2026-01-29 21:26:25;2026-01-29 21:26:25;2026-01-29 21:26:25
produziert (ökologisch produzierte ware);3;2;2025-12-23 19:19:31;2025-12-25 12:27:05;2026-01-29 21:26:49;2026-01-29 21:26:49;2026-01-29 21:26:49
speise, die, -n;3;2;2025-12-23 19:19:39;2025-12-25 12:27:11;2026-01-29 21:27:16;2026-01-29 21:27:16;2026-01-29 21:27:16
trend, der, -s;3;2;2025-12-23 19:19:44;2025-12-25 12:27:17;2026-01-29 21:27:38;2026-01-29 21:27:38;2026-01-29 21:27:38
vegan;3;2;2025-12-23 19:19:49;2025-12-25 12:27:23;2026-01-30 21:52:15;2026-01-30 21:52:15;2026-01-30 21:52:15
vegetarisch;3;2;2025-12-23 19:19:57;2025-12-25 12:27:30;2026-01-30 21:52:41;2026-01-30 21:52:41;2026-01-30 21:52:41
vitamin, das, -e;3;2;2025-12-23 19:20:02;2025-12-25 12:27:36;2026-01-30 21:53:06;2026-01-30 21:53:06;2026-01-30 21:53:06
workout, das, -s;3;2;2025-12-23 19:20:11;2025-12-25 12:27:42;2026-01-30 21:53:28;2026-01-30 21:53:28;2026-01-30 21:53:28
erben;3;3a;2025-12-23 19:20:18;2025-12-25 12:27:48;2026-01-30 21:53:53;2026-01-30 21:53:53;2026-01-30 21:53:53
weshalb;3;3a;2025-12-23 19:20:24;2025-12-25 12:27:57;2026-01-30 21:54:16;2026-01-30 21:54:16;2026-01-30 21:54:16
verzichten;3;3a;2025-12-23 19:20:30;2025-12-25 12:28:04;2026-01-30 21:54:40;2026-01-30 21:54:40;2026-01-30 21:54:40
führen (zu + d.) (welche ereignisse können zu veränderungen führen?);3;3b;2025-12-23 19:20:42;2025-12-25 12:28:10;2026-01-30 21:55:07;2026-01-30 21:55:07;2026-01-30 21:55:07
gewohnt;3;3b;2025-12-23 19:20:53;2025-12-25 12:28:17;2026-01-30 21:55:31;2026-01-30 21:55:31;2026-01-30 21:55:31
krisensituation, die, -en;3;3b;2025-12-23 19:21:02;2025-12-25 12:28:23;2026-01-30 21:55:56;2026-01-30 21:55:56;2026-01-30 21:55:56
lebensgeschichte, die, -n;3;3b;2025-12-23 19:21:08;2025-12-25 12:28:33;2026-01-30 21:56:22;2026-01-30 21:56:22;2026-01-30 21:56:22
lebensweg, der, -e;3;3b;2025-12-23 19:21:14;2025-12-25 12:28:39;2026-01-30 21:56:48;2026-01-30 21:56:48;2026-01-30 21:56:48
prozess, der, -e;3;3b;2025-12-23 19:21:19;2025-12-25 12:28:46;2026-01-30 21:57:13;2026-01-30 21:57:13;2026-01-30 21:57:13
raus;3;3b;2025-12-23 19:21:25;2025-12-25 12:28:54;2026-01-30 21:57:38;2026-01-30 21:57:38;2026-01-30 21:57:38
todesfall, der, -e;3;3b;2025-12-23 19:21:33;2025-12-25 12:28:59;2026-01-30 21:58:01;2026-01-30 21:58:01;2026-01-30 21:58:01
trennung, die, -en;3;3b;2025-12-23 19:21:39;2025-12-25 12:29:07;2026-01-30 21:58:24;2026-01-30 21:58:24;2026-01-30 21:58:24
wendepunkt, der, -e;3;3b;2025-12-23 19:21:45;2025-12-25 12:29:16;2026-01-30 21:58:53;2026-01-30 21:58:53;2026-01-30 21:58:53
zeitschriftenartikel, der, -;3;3b;2025-12-23 19:21:51;2025-12-25 12:29:25;2026-01-30 21:59:18;2026-01-30 21:59:18;2026-01-30 21:59:18
abwärts;3;3c;2025-12-23 19:21:59;2025-12-25 12:29:34;2026-01-30 21:59:40;2026-01-30 21:59:40;2026-01-30 21:59:40
afrika;3;3c;2025-12-23 19:22:05;2025-12-25 12:29:44;2026-01-30 22:00:05;2026-01-30 22:00:05;2026-01-30 22:00:05
anliegen, das, -;3;3c;2025-12-23 19:22:12;2025-12-25 12:29:54;2026-01-30 22:00:28;2026-01-30 22:00:28;2026-01-30 22:00:28
bahnradfahrer, der, -;3;3c;2025-12-23 19:22:20;2025-12-25 12:29:59;2026-01-30 22:00:52;2026-01-30 22:00:52;2026-01-30 22:00:52
bahnradfahrerin, die, -nen;3;3c;2025-12-23 19:22:25;2025-12-25 12:30:05;2026-01-30 22:01:14;2026-01-30 22:01:14;2026-01-30 22:01:14
berufssoldat, der, -en;3;3c;2025-12-23 19:22:32;2025-12-25 12:30:11;2026-01-30 22:01:41;2026-01-30 22:01:41;2026-01-30 22:01:41
berufssoldatin, die, -nen;3;3c;2025-12-23 19:22:39;2025-12-25 12:30:16;2026-01-30 22:02:05;2026-01-30 22:02:05;2026-01-30 22:02:05
buchautor, der, -en;3;3c;2025-12-23 19:22:45;2025-12-25 12:30:23;2026-01-30 22:02:28;2026-01-30 22:02:28;2026-01-30 22:02:28
buchautorin, die, -nen;3;3c;2025-12-23 19:22:51;2025-12-25 12:30:29;2026-01-30 22:02:53;2026-01-30 22:02:53;2026-01-30 22:02:53
bundeswehrzeit, die, -en;3;3c;2025-12-23 19:22:57;2025-12-25 12:30:36;2026-01-30 22:03:16;2026-01-30 22:03:16;2026-01-30 22:03:16
ehren;3;3c;2025-12-23 19:23:02;2025-12-25 12:30:43;2026-01-30 22:03:39;2026-01-30 22:03:40;2026-01-30 22:03:40
ein|setzen (sich) (für-gegen + a.) (sich für den schutz der wildtiere einsetzen);3;3c;2025-12-25 12:20:25;2025-12-25 12:30:49;2026-01-30 22:04:05;2026-01-30 22:04:05;2026-01-30 22:04:05
engagieren (sich) (für-gegen + a.) (sich für den schutz der wildtiere einsetzen);3;3c;2025-12-25 12:20:33;2025-12-25 12:30:58;2026-01-30 22:04:31;2026-01-30 22:04:31;2026-01-30 22:04:31
engagiert sein;3;3c;2025-12-25 12:20:43;2025-12-25 12:31:04;2026-01-30 22:05:28;2026-01-30 22:05:28;2026-01-30 22:05:28
ereignen (sich);3;3c;2025-12-25 12:20:50;2025-12-25 12:31:18;2026-01-30 22:05:53;2026-01-30 22:05:53;2026-01-30 22:05:53
-fach (zehnfach);3;3c;2025-12-25 12:21:00;2025-12-25 12:31:25;2026-01-31 13:11:04;2026-01-31 13:11:04;2026-01-31 13:11:04
gelähmt;3;3c;2025-12-25 12:21:11;2025-12-25 12:31:31;2026-01-31 13:11:41;2026-01-31 13:11:41;2026-01-31 13:11:41
held, der, -en;3;3c;2025-12-25 12:21:16;2025-12-25 12:31:37;2026-01-31 13:12:07;2026-01-31 13:12:07;2026-01-31 13:12:07
heldin, die, -nen;3;3c;2025-12-25 12:21:21;2025-12-25 12:31:45;2026-01-31 13:12:31;2026-01-31 13:12:31;2026-01-31 13:12:31
herausforderung, die, -en;3;3c;2025-12-25 12:21:27;2025-12-25 12:31:51;2026-01-31 13:13:15;2026-01-31 13:13:15;2026-01-31 13:13:15
höhepunkt, der, -e;3;3c;2025-12-25 12:21:32;2025-12-25 15:22:14;2026-01-31 13:13:40;2026-01-31 13:13:40;2026-01-31 13:13:40
kämpfen (für-gegen + a.);3;3c;2025-12-25 12:21:41;2025-12-25 15:22:23;2026-02-02 14:00:02;2026-02-02 14:00:02;2026-02-02 14:00:02
lebenswende, die, -n;3;3c;2025-12-25 12:21:45;2025-12-25 15:22:33;2026-02-02 14:00:36;2026-02-02 14:00:36;2026-02-02 14:00:36
lokal;3;3c;2025-12-25 12:21:52;2025-12-25 15:22:41;2026-02-02 14:00:59;2026-02-02 14:00:59;2026-02-02 14:00:59
mittlerweile;3;3c;2025-12-25 12:22:03;2025-12-25 15:22:53;2026-02-02 14:02:33;2026-02-02 14:02:33;2026-02-02 14:02:33
mut, der (sg.) (mark möchte anderen mut machen, für ihre ziele zu kämpfen.);3;3c;2025-12-25 12:22:10;2025-12-25 15:22:59;2026-02-02 14:02:58;2026-02-02 14:02:58;2026-02-02 14:02:58
namibia;3;3c;2025-12-25 12:22:19;2025-12-25 15:23:05;2026-02-02 14:03:22;2026-02-02 14:03:22;2026-02-02 14:03:22
oberkörper, der, -;3;3c;2025-12-25 12:22:23;2025-12-25 15:23:13;2026-02-02 14:03:55;2026-02-02 14:03:55;2026-02-02 14:03:55
olympiasieger, der, -;3;3c;2025-12-25 12:22:29;2025-12-25 15:23:20;2026-02-02 14:04:18;2026-02-02 14:04:18;2026-02-02 14:04:18
olympiasiegerin, die, -nen;3;3c;2025-12-25 12:22:35;2025-12-25 15:23:31;2026-02-02 14:05:40;2026-02-02 14:05:40;2026-02-02 14:05:40
optimismus, der (sg.);3;3c;2025-12-25 12:22:41;2025-12-25 15:23:40;2026-02-02 14:06:24;2026-02-02 14:06:24;2026-02-02 14:06:24
politisch;3;3c;2025-12-25 12:22:49;2025-12-25 15:23:50;2026-02-02 14:06:51;2026-02-02 14:06:51;2026-02-02 14:06:51
powerfrau, die, -en;3;3c;2025-12-25 12:22:52;2025-12-25 15:23:56;2026-02-02 14:07:24;2026-02-02 14:07:24;2026-02-02 14:07:24
privatleben, das (sg.);3;3c;2025-12-25 12:22:58;2025-12-25 15:24:02;2026-02-02 14:07:47;2026-02-02 14:07:47;2026-02-02 14:07:47
radikal;3;3c;2025-12-25 12:23:03;2025-12-25 15:24:10;2026-02-02 14:11:41;2026-02-02 14:11:41;2026-02-02 14:11:41
rückkehr, die (sg.);3;3c;2025-12-25 12:23:10;2025-12-25 15:24:19;2026-02-02 14:12:08;2026-02-02 14:12:08;2026-02-02 14:12:08
sammeln (als fotograf hat er schon viel erfahrung gesammelt.);3;3c;2025-12-25 12:23:17;2025-12-25 15:24:25;2026-02-02 14:13:02;2026-02-02 14:13:02;2026-02-02 14:13:02
schließlich;3;3c;2025-12-25 12:23:22;2025-12-25 15:24:30;2026-02-02 14:13:30;2026-02-02 14:13:30;2026-02-02 14:13:30
schutzprojekt, das, -e;3;3c;2025-12-25 12:23:26;2025-12-25 15:24:38;2026-02-02 14:14:00;2026-02-02 14:14:00;2026-02-02 14:14:00
sehnsucht, die, -e;3;3c;2025-12-25 12:23:33;2025-12-25 15:24:45;2026-02-02 14:14:40;2026-02-02 14:14:40;2026-02-02 14:14:40
seitdem (sie hatte einen unfall. seitdem ist sie gelähmt.);3;3c;2025-12-25 12:23:41;2025-12-25 15:24:50;2026-02-02 14:16:12;2026-02-02 14:16:12;2026-02-02 14:16:12
selbstständigkeit, die (sg.);3;3c;2025-12-25 12:23:48;2025-12-25 15:24:57;2026-02-02 14:17:15;2026-02-02 14:17:15;2026-02-02 14:17:15
stadtrat, der, -e;3;3c;2025-12-25 12:23:56;2025-12-25 15:25:05;2026-02-02 14:18:45;2026-02-02 14:18:45;2026-02-02 14:18:45
stürzen;3;3c;2025-12-25 12:24:05;2025-12-25 15:25:13;2026-02-02 14:19:07;2026-02-02 14:19:07;2026-02-02 14:19:07
tätig sein;3;3c;2025-12-25 12:24:13;2025-12-25 15:25:23;2026-02-02 14:19:32;2026-02-02 14:19:32;2026-02-02 14:19:32
unverändert;3;3c;2025-12-25 12:24:17;2025-12-25 15:25:31;2026-02-02 14:19:58;2026-02-02 14:19:58;2026-02-02 14:19:58
verursachen;3;3c;2025-12-25 12:24:21;2025-12-25 15:25:41;2026-02-02 14:20:20;2026-02-02 14:20:20;2026-02-02 14:20:20
von … auf (von einem tag auf den anderen veränderte sich ihr leben radikal.);3;3c;2025-12-25 12:24:32;2025-12-25 17:56:03;2026-02-02 14:21:52;2026-02-02 14:21:52;2026-02-02 14:21:52
wahl (1), die, -en (sie gewann eine lokale wahl und ist nun im stadtrat aktiv.);3;3c;2025-12-25 12:24:39;2025-12-25 17:56:10;2026-02-02 14:22:58;2026-02-02 14:22:58;2026-02-02 14:22:58
weltmeister, der, -e;3;3c;2025-12-25 12:24:45;2025-12-25 17:56:21;2026-02-02 14:23:42;2026-02-02 14:23:42;2026-02-02 14:23:42
weltmeisterin, die, -nen;3;3c;2025-12-25 12:24:50;2025-12-25 17:56:29;2026-02-02 14:24:07;2026-02-02 14:24:07;2026-02-02 14:24:07
wesentlich;3;3c;2025-12-25 12:24:58;2025-12-25 17:56:35;2026-02-02 14:24:34;2026-02-02 14:24:34;2026-02-02 14:24:34
wildhüter, der, -;3;3c;2025-12-25 15:21:30;2025-12-25 17:56:43;2026-02-02 14:25:06;2026-02-02 14:25:06;2026-02-02 14:25:06
wildhüterin, die, -nen;3;3c;2025-12-25 15:21:38;2025-12-25 17:56:57;2026-02-02 14:25:31;2026-02-02 14:25:31;2026-02-02 14:25:31
wildtier, das, -e;3;3c;2025-12-25 15:21:44;2025-12-25 17:57:03;2026-02-02 14:25:55;2026-02-02 14:25:55;2026-02-02 14:25:55
wildtierstation, die, -en;3;3c;2025-12-25 15:21:51;2025-12-25 17:57:09;2026-02-03 11:54:44;2026-02-03 11:54:44;2026-02-03 11:54:44
wirbelsäule, die, -n;3;3c;2025-12-25 15:21:57;2025-12-25 17:57:17;2026-02-03 11:55:25;2026-02-03 11:55:25;2026-02-03 11:55:25
zufällig;3;3c;2025-12-25 17:42:14;2025-12-25 17:57:24;2026-02-03 11:57:39;2026-02-03 11:57:39;2026-02-03 11:57:39
zweimonatig;3;3c;2025-12-25 17:42:19;2025-12-25 17:57:29;2026-02-03 11:59:21;2026-02-03 11:59:21;2026-02-03 11:59:21
literarisch;3;4b;2025-12-25 17:42:25;2025-12-25 17:57:37;2026-02-03 11:59:50;2026-02-03 11:59:50;2026-02-03 11:59:50
vergangene, das (sg.);3;4b;2025-12-25 17:42:30;2025-12-25 17:57:43;2026-02-03 12:02:36;2026-02-03 12:02:36;2026-02-03 12:02:36
vergangenheitsform, die, -en;3;4b;2025-12-25 17:42:35;2025-12-25 17:57:53;2026-02-03 12:03:02;2026-02-03 12:03:02;2026-02-03 12:03:02
zeitungsartikel, der, -;3;4b;2025-12-25 17:42:42;2025-12-25 17:58:00;2026-02-03 12:03:27;2026-02-03 12:03:27;2026-02-03 12:03:27
begeistern;3;4d;2025-12-25 17:42:51;2025-12-25 17:58:10;2026-02-03 12:03:52;2026-02-03 12:03:52;2026-02-03 12:03:52
historisch;3;4d;2025-12-25 17:42:56;2025-12-25 17:58:16;2026-02-03 12:04:18;2026-02-03 12:04:18;2026-02-03 12:04:18
stadtfest, das, -e;3;4d;2025-12-25 17:43:03;2025-12-25 17:58:24;2026-02-03 12:04:47;2026-02-03 12:04:47;2026-02-03 12:04:47
erstellen;3;5a;2025-12-25 17:43:09;2025-12-25 17:58:35;2026-02-03 12:05:29;2026-02-03 12:05:29;2026-02-03 12:05:29
warten;3;5a;2025-12-25 17:43:14;2025-12-25 17:58:45;2026-02-03 12:05:54;2026-02-03 12:05:54;2026-02-03 12:05:54
alte, der-die, -n (wieder der-die alte sein);3;5b;2025-12-25 17:43:23;2025-12-25 19:58:56;2026-02-03 12:06:19;2026-02-03 12:06:19;2026-02-03 12:06:19
auf|wachen;3;5b;2025-12-25 17:43:29;2025-12-25 19:59:02;2026-02-03 12:06:46;2026-02-03 12:06:46;2026-02-03 12:06:46
außerhalb (+ g.);3;5b;2025-12-25 17:43:36;2025-12-25 19:59:08;2026-02-03 12:07:13;2026-02-03 12:07:13;2026-02-03 12:07:13
frisch (1) (ich bin frisch verliebt.);3;5b;2025-12-25 17:43:42;2025-12-25 19:59:15;2026-02-03 12:07:38;2026-02-03 12:07:38;2026-02-03 12:07:38
gemacht sein (für + a.) (ich freue mich, wenn ich klamotten finde, die wie für mich gemacht sind.);3;5b;2025-12-25 17:43:53;2025-12-25 19:59:21;2026-02-03 12:10:03;2026-02-03 12:10:03;2026-02-03 12:10:03
innerhalb (+ g.);3;5b;2025-12-25 17:44:00;2025-12-25 19:59:27;2026-02-03 12:10:28;2026-02-03 12:10:28;2026-02-03 12:10:28
liebevoll;3;5b;2025-12-25 17:44:05;2025-12-25 19:59:33;2026-02-03 12:10:54;2026-02-03 12:10:54;2026-02-03 12:10:54
nachtisch, der, -e;3;5b;2025-12-25 17:44:12;2025-12-25 19:59:40;2026-02-03 12:11:39;2026-02-03 12:11:39;2026-02-03 12:11:39
schwach, schwächer, am schwächsten;3;5b;2025-12-25 17:44:18;2025-12-25 19:59:45;2026-02-03 12:12:02;2026-02-03 12:12:02;2026-02-03 12:12:02
schwiegereltern, die (pl.);3;5b;2025-12-25 17:44:24;2025-12-25 19:59:51;2026-02-03 12:14:00;2026-02-03 12:14:00;2026-02-03 12:14:00
sonnabend, der, -e;3;5b;2025-12-25 17:44:29;2025-12-25 19:59:57;2026-02-03 12:14:48;2026-02-03 12:14:48;2026-02-03 12:14:48
verlieben (sich) (in + a.);3;5b;2025-12-25 17:44:36;2025-12-25 20:00:04;2026-02-03 12:15:12;2026-02-03 12:15:12;2026-02-03 12:15:12
verschwinden, er verschwindet, verschwand, ist verschwunden;3;5b;2025-12-25 17:44:42;2025-12-25 20:00:09;2026-02-03 12:15:37;2026-02-03 12:15:37;2026-02-03 12:15:37
während (+ g.) (während der arbeit lachen mein team und ich oft.);3;5b;2025-12-25 17:44:49;2025-12-25 20:00:16;2026-02-03 12:15:59;2026-02-03 12:15:59;2026-02-03 12:15:59
regentag, der, -e;3;5e;2025-12-25 17:44:56;2025-12-25 20:00:22;2026-02-03 12:16:24;2026-02-03 12:16:24;2026-02-03 12:16:24
jetzig;3;6a;2025-12-25 17:45:03;2025-12-25 20:00:30;2026-02-03 12:16:48;2026-02-03 12:16:48;2026-02-03 12:16:48
klinikum, das, kliniken;3;6a;2025-12-25 17:45:09;2025-12-25 20:00:35;2026-02-03 12:17:13;2026-02-03 12:17:13;2026-02-03 12:17:13
krise, die, -n;3;6b;2025-12-25 17:45:16;2025-12-25 20:00:41;2026-02-03 12:18:56;2026-02-03 12:18:56;2026-02-03 12:18:56
lieb haben;3;6b;2025-12-25 17:45:22;2025-12-25 20:00:47;2026-02-03 12:19:50;2026-02-03 12:19:50;2026-02-03 12:19:50
verhältnis, das, -se;3;6b;2025-12-25 17:45:27;2025-12-25 20:00:58;2026-02-03 12:20:15;2026-02-03 12:20:15;2026-02-03 12:20:15
zuneigung, die (sg.);3;6b;2025-12-25 17:45:43;2025-12-25 20:01:05;2026-02-03 12:20:40;2026-02-03 12:20:40;2026-02-03 12:20:40
botschaft, die, -en;3;6c;2025-12-25 17:45:51;2025-12-25 20:01:10;2026-02-03 12:21:09;2026-02-03 12:21:09;2026-02-03 12:21:09
konsulat, das, -e;3;6c;2025-12-25 17:45:56;2025-12-25 20:01:16;2026-02-04 10:14:15;2026-02-04 10:14:15;2026-02-04 10:14:15
reisepass, der, -e;3;6c;2025-12-25 17:46:02;2025-12-25 20:01:22;2026-02-04 10:14:39;2026-02-04 10:14:39;2026-02-04 10:14:39
überqueren;3;6c;2025-12-25 17:46:09;2025-12-25 20:01:28;2026-02-04 10:15:31;2026-02-04 10:15:31;2026-02-04 10:15:31
zoll, der, -e;3;6c;2025-12-25 17:46:15;2025-12-25 20:01:34;2026-02-04 10:15:55;2026-02-04 10:15:55;2026-02-04 10:15:55
auf|geben, er gibt auf, gab auf, hat aufgegeben;3;6d;2025-12-25 17:46:22;2025-12-25 20:01:39;2026-02-04 10:16:19;2026-02-04 10:16:19;2026-02-04 10:16:19
liebesgeschichte, die, -n;3;6d;2025-12-25 17:46:30;2025-12-25 20:01:45;2026-02-04 10:17:40;2026-02-04 10:17:40;2026-02-04 10:17:40
niemals;3;6d;2025-12-25 17:46:35;2025-12-25 20:01:51;2026-02-04 10:18:30;2026-02-04 10:18:30;2026-02-04 10:18:30
weg|ziehen, er zieht weg, zog weg, ist weggegangen;3;6d;2025-12-25 17:46:41;2025-12-25 20:01:57;2026-02-04 10:18:56;2026-02-04 10:18:56;2026-02-04 10:18:56
sich unterhalten;3;7a;2025-12-25 17:46:48;2025-12-25 20:02:03;2026-02-04 10:19:21;2026-02-04 10:19:21;2026-02-04 10:19:21
büroangestellte, der-die, -n;3;8a;2025-12-25 17:46:54;2025-12-25 20:02:09;2026-02-04 10:19:45;2026-02-04 10:19:45;2026-02-04 10:19:45
camping, das (sg.);3;8b;2025-12-25 17:47:03;2025-12-25 20:02:14;2026-02-04 10:20:11;2026-02-04 10:20:11;2026-02-04 10:20:11
espresso-kanne, die, -n;3;8b;2025-12-25 17:47:09;2025-12-25 20:27:47;2026-02-04 10:21:19;2026-02-04 10:21:19;2026-02-04 10:21:19
aspekt, der, -e;3;9a;2025-12-25 17:47:13;2025-12-25 20:27:55;2026-02-04 10:21:58;2026-02-04 10:21:58;2026-02-04 10:21:58
blogeintrag, der, -e;3;9a;2025-12-25 17:47:19;2025-12-25 20:28:03;2026-02-04 10:22:23;2026-02-04 10:22:23;2026-02-04 10:22:23
fach, das, -er (meine tasche hat viele kleine fächer.);3;9a;2025-12-25 17:47:25;2025-12-25 20:28:08;2026-02-04 10:23:28;2026-02-04 10:23:28;2026-02-04 10:23:28
gucken;3;9a;2025-12-25 17:47:32;2025-12-25 20:28:14;2026-02-04 10:23:51;2026-02-04 10:23:51;2026-02-04 10:23:51
jahrelang;3;9a;2025-12-25 17:47:38;2025-12-25 20:28:22;2026-02-04 10:24:14;2026-02-04 10:24:14;2026-02-04 10:24:14
lehrling, der, -e;3;9a;2025-12-25 17:47:44;2025-12-25 20:28:28;2026-02-04 10:24:59;2026-02-04 10:24:59;2026-02-04 10:24:59
mark, die, - (vor dem euro war die währung in deutschland mark.);3;9a;2025-12-25 17:47:50;2025-12-25 20:28:34;2026-02-04 10:25:25;2026-02-04 10:25:25;2026-02-04 10:25:25
pfennig, der, -e (vor dem cent hieß die währung in deutschland pfennig.);3;9a;2025-12-25 17:47:56;2025-12-25 20:28:40;2026-02-04 10:25:49;2026-02-04 10:25:49;2026-02-04 10:25:49
relativ;3;9a;2025-12-25 17:48:02;2025-12-25 20:28:51;2026-02-04 10:26:13;2026-02-04 10:26:13;2026-02-04 10:26:13
veröffentlichen;3;9a;2025-12-25 17:48:07;2025-12-25 20:28:57;2026-02-04 10:26:57;2026-02-04 10:26:57;2026-02-04 10:26:57
baustein, der, -e;3;9b;2025-12-25 17:48:12;2025-12-25 20:29:03;2026-02-04 10:27:23;2026-02-04 10:27:23;2026-02-04 10:27:23
muster, das, -;3;9b;2025-12-25 17:48:20;2025-12-25 20:29:10;2026-02-04 10:27:47;2026-02-04 10:27:47;2026-02-04 10:27:47
struktur, die, -en;3;9b;2025-12-25 17:48:25;2025-12-25 20:29:17;2026-02-04 10:28:12;2026-02-04 10:28:12;2026-02-04 10:28:12
tempusform, die, -en;3;9b;2025-12-25 17:48:31;2025-12-25 20:29:23;2026-02-04 10:28:37;2026-02-04 10:28:37;2026-02-04 10:28:37
aus|suchen;3;9c;2025-12-25 17:48:39;2025-12-25 20:29:28;2026-02-04 10:29:06;2026-02-04 10:29:06;2026-02-04 10:29:06
nachher;3;9c;2025-12-25 17:48:44;2025-12-25 20:29:34;2026-02-04 10:29:30;2026-02-04 10:29:30;2026-02-04 10:29:30
begrüßen;3;10a;2025-12-25 17:48:48;2025-12-25 20:29:40;2026-02-04 10:29:54;2026-02-04 10:29:54;2026-02-04 10:29:54
benehmen, das (sg.);3;10a;2025-12-25 17:48:54;2025-12-25 20:29:45;2026-02-04 10:30:17;2026-02-04 10:30:17;2026-02-04 10:30:17
anwesend;3;10b;2025-12-25 17:48:59;2025-12-25 20:29:51;2026-02-04 10:30:45;2026-02-04 10:30:45;2026-02-04 10:30:45
auf|halten (1), er hält auf, hielt auf, hat aufgehalten (es ist höflich, anderen menschen die tür aufzuhalten.);3;10b;2025-12-25 17:49:09;2025-12-25 20:29:57;2026-02-04 10:31:32;2026-02-04 10:31:32;2026-02-04 10:31:32
begrüßung, die, -en;3;10b;2025-12-25 17:49:13;2025-12-25 20:30:03;2026-02-04 10:31:55;2026-02-04 10:31:55;2026-02-04 10:31:55
benimmbuch, das, -er;3;10b;2025-12-25 17:49:19;2025-12-25 20:30:10;2026-02-04 15:02:32;2026-02-04 15:02:32;2026-02-04 15:02:32
beziehung, die, -en;3;10b;2025-12-25 17:49:26;2025-12-25 20:30:15;2026-02-04 16:04:06;2026-02-04 16:04:06;2026-02-04 16:04:06
beziehungsweise (bzw.);3;10b;2025-12-25 17:49:34;2025-12-25 20:30:21;2026-02-04 16:05:07;2026-02-04 16:05:07;2026-02-04 16:05:07
duzen;3;10b;2025-12-25 17:49:41;2025-12-25 20:30:27;2026-02-04 16:05:32;2026-02-04 16:05:32;2026-02-04 16:05:32
gastgeber, der, -;3;10b;2025-12-25 17:49:46;2025-12-25 20:30:37;2026-02-04 16:05:57;2026-02-04 16:05:57;2026-02-04 16:05:57
gastgeberin, die, -nen;3;10b;2025-12-25 17:49:54;2025-12-25 20:30:44;2026-02-04 16:06:23;2026-02-04 16:06:23;2026-02-04 16:06:23
geschäftsfrau, die, -en;3;10b;2025-12-25 17:50:00;2025-12-25 20:30:52;2026-02-04 16:06:48;2026-02-04 16:06:48;2026-02-04 16:06:48
geschäftsmann, der, -er;3;10b;2025-12-25 17:50:06;2025-12-25 20:30:58;2026-02-04 16:07:13;2026-02-04 16:07:13;2026-02-04 16:07:13
gewohnheit, die, -en;3;10b;2025-12-25 17:50:13;2025-12-25 20:31:06;2026-02-04 16:07:39;2026-02-04 16:07:39;2026-02-04 16:07:39
hierarchisch;3;10b;2025-12-25 17:50:18;2025-12-25 20:31:13;2026-02-04 16:08:06;2026-02-04 16:08:06;2026-02-04 16:08:06
ignorieren;3;10b;2025-12-25 17:50:23;2025-12-25 20:31:20;2026-02-04 16:08:29;2026-02-04 16:08:29;2026-02-04 16:08:29
klagen;3;10b;2025-12-25 17:50:30;2025-12-25 20:31:29;2026-02-04 16:08:54;2026-02-04 16:08:54;2026-02-04 16:08:54
kuss, der, -e;3;10b;2025-12-25 17:50:34;2025-12-25 20:31:35;2026-02-04 16:09:16;2026-02-04 16:09:16;2026-02-04 16:09:16
lift, der, -e;3;10b;2025-12-25 17:50:39;2025-12-25 20:31:41;2026-02-04 16:09:40;2026-02-04 16:09:40;2026-02-04 16:09:40
niesen;3;10b;2025-12-25 17:50:46;2025-12-25 20:31:52;2026-02-04 16:10:07;2026-02-04 16:10:07;2026-02-04 16:10:07
personal, das (sg.);3;10b;2025-12-25 17:50:50;2025-12-25 20:31:58;2026-02-04 16:11:56;2026-02-04 16:11:56;2026-02-04 16:11:56
reihe, die, -n (der reihe nach);3;10b;2025-12-25 17:50:56;2025-12-25 20:32:03;2026-02-04 16:12:25;2026-02-04 16:12:25;2026-02-04 16:12:25
siezen;3;10b;2025-12-25 17:51:02;2025-12-25 20:32:14;2026-02-04 16:13:22;2026-02-04 16:13:22;2026-02-04 16:13:22
theoretisch;3;10b;2025-12-25 17:51:07;2025-12-25 20:32:19;2026-02-04 16:14:47;2026-02-04 16:14:47;2026-02-04 16:14:47
üblich;3;10b;2025-12-25 17:51:14;2025-12-25 20:32:25;2026-02-04 16:15:12;2026-02-04 16:15:12;2026-02-04 16:15:12
umarmen;3;10b;2025-12-25 17:51:20;2025-12-25 20:32:30;2026-02-04 16:15:37;2026-02-04 16:15:37;2026-02-04 16:15:37
umgekehrt;3;10b;2025-12-25 17:51:27;2025-12-25 20:32:36;2026-02-04 16:16:30;2026-02-04 16:16:30;2026-02-04 16:16:30
unsicher;3;10b;2025-12-25 17:51:33;2025-12-25 20:32:41;2026-02-04 16:16:53;2026-02-04 16:16:53;2026-02-04 16:16:53
unter (+ d.) (unter studierenden gibt es eigentlich kein siezen mehr.);3;10b;2025-12-25 17:51:38;2025-12-25 20:32:46;2026-02-04 16:17:59;2026-02-04 16:17:59;2026-02-04 16:17:59
verhalten (sich), er verhält, verhielt, hat verhalten;3;10b;2025-12-25 17:51:43;2025-12-25 20:32:46;2026-02-04 16:17:59;2026-02-04 16:17:59;2026-02-04 16:17:59
verkehrt;3;10b;2025-12-25 17:51:49;2025-12-25 20:32:52;2026-02-04 16:18:24;2026-02-04 16:18:24;2026-02-04 16:18:24
vertraut;3;10b;2025-12-25 17:51:55;2025-12-25 20:32:57;2026-02-04 16:19:18;2026-02-04 16:19:18;2026-02-04 16:19:18
vorgesetzte, der-die, -n;3;10b;2025-12-25 17:52:06;2026-01-27 11:07:42;2026-02-04 16:19:41;2026-02-04 16:19:41;2026-02-04 16:19:41
wange, die, -n;3;10b;2025-12-25 17:52:12;2026-01-27 11:07:48;2026-02-04 16:20:06;2026-02-04 16:20:06;2026-02-04 16:20:06
akte, die, -n;4;1a;2025-12-25 17:52:17;2026-01-27 11:07:55;2026-02-04 16:20:34;2026-02-04 16:20:34;2026-02-04 16:20:34
an|bauen;4;1a;2025-12-25 17:52:29;2026-01-27 11:08:03;2026-02-04 16:20:59;2026-02-04 16:20:59;2026-02-04 16:20:59
angeklagte, der-die, -n;4;1a;2025-12-25 17:52:36;2026-01-27 11:08:09;2026-02-04 16:21:30;2026-02-04 16:21:30;2026-02-04 16:21:30
anlage, die, -n;4;1a;2025-12-25 17:52:43;2026-01-27 11:08:15;2026-02-04 16:21:55;2026-02-04 16:21:55;2026-02-04 16:21:55
beschäftigen (sich) (mit + d.);4;1a;2025-12-25 17:52:48;2026-01-27 11:08:22;2026-02-04 16:22:23;2026-02-04 16:22:23;2026-02-04 16:22:23
einkommen, das, -;4;1a;2025-12-25 17:52:57;2026-01-27 11:08:29;2026-02-04 16:23:36;2026-02-04 16:23:36;2026-02-04 16:23:36
elektroingenieur, der, -e;4;1a;2025-12-25 17:53:02;2026-01-27 11:08:35;2026-02-04 16:24:03;2026-02-04 16:24:03;2026-02-04 16:24:03
elektroingenieurin, die, -nen;4;1a;2025-12-25 17:53:05;2026-01-27 11:08:43;2026-02-05 21:08:15;2026-02-05 21:08:15;2026-02-05 21:08:15
fair;4;1a;2025-12-25 17:53:10;2026-01-27 11:08:49;2026-02-05 21:08:40;2026-02-05 21:08:40;2026-02-05 21:08:40
fernsehsender, der, -;4;1a;2025-12-25 17:53:15;2026-01-27 11:08:55;2026-02-05 21:09:04;2026-02-05 21:09:04;2026-02-05 21:09:04
gerecht;4;1a;2025-12-25 17:53:20;2026-01-27 11:09:01;2026-02-05 21:09:26;2026-02-05 21:09:26;2026-02-05 21:09:26
gericht, das, -e (ich bin anwältin und oft am gericht.);4;1a;2025-12-25 17:53:26;2026-01-27 11:09:08;2026-02-05 21:09:50;2026-02-05 21:09:50;2026-02-05 21:09:50
gerichtsverhandlung, die, -en;4;1a;2025-12-25 17:53:31;2026-01-27 11:09:14;2026-02-05 21:10:18;2026-02-05 21:10:18;2026-02-05 21:10:18
her|stellen;4;1a;2025-12-25 17:53:38;2026-01-27 11:09:20;2026-02-05 21:10:42;2026-02-05 21:10:42;2026-02-05 21:10:42
industrie, die, -n;4;1a;2025-12-25 17:53:41;2026-01-27 11:09:28;2026-02-05 21:11:09;2026-02-05 21:11:09;2026-02-05 21:11:09
landwirtschaft, die (sg.);4;1a;2025-12-25 17:53:47;2026-01-27 11:09:36;2026-02-05 21:11:35;2026-02-05 21:11:35;2026-02-05 21:11:35
menschenkenntnis, die (sg.);4;1a;2025-12-25 17:53:53;2026-01-27 11:09:43;2026-02-05 21:12:01;2026-02-05 21:12:01;2026-02-05 21:12:01
öffentlichkeit, die (sg.);4;1a;2025-12-25 17:53:58;2026-01-27 11:09:49;2026-02-05 21:12:27;2026-02-05 21:12:27;2026-02-05 21:12:27
partei, die, -en;4;1a;2025-12-25 17:54:02;2026-01-27 11:09:56;2026-02-05 21:12:52;2026-02-05 21:12:52;2026-02-05 21:12:52
rechtsanwalt, der, -e;4;1a;2025-12-25 17:54:08;2026-01-27 11:10:02;2026-02-05 21:13:18;2026-02-05 21:13:18;2026-02-05 21:13:18
rechtsanwältin, die, -nen;4;1a;2025-12-25 17:54:13;2026-01-27 11:10:08;2026-02-05 21:13:43;2026-02-05 21:13:43;2026-02-05 21:13:43
reportage, die, -n;4;1a;2025-12-25 17:54:16;2026-01-27 11:10:14;2026-02-05 21:14:09;2026-02-05 21:14:09;2026-02-05 21:14:09
reporter, der, -;4;1a;2025-12-25 17:54:21;2026-01-27 11:10:20;2026-02-05 21:14:34;2026-02-05 21:14:34;2026-02-05 21:14:34
reporterin, die, -nen;4;1a;2025-12-25 17:54:25;2026-01-27 11:10:26;2026-02-05 21:15:01;2026-02-05 21:15:01;2026-02-05 21:15:01
richter, der, -;4;1a;2025-12-25 17:54:28;2026-01-27 11:10:32;2026-02-05 21:15:25;2026-02-05 21:15:25;2026-02-05 21:15:25
richterin, die, -nen;4;1a;2025-12-25 17:54:32;2026-01-27 11:10:38;2026-02-05 21:15:49;2026-02-05 21:15:49;2026-02-05 21:15:49
schreiner, der, -;4;1a;2025-12-25 17:54:38;2026-01-27 11:10:45;2026-02-05 21:16:15;2026-02-05 21:16:15;2026-02-05 21:16:15
schreinerin, die, -nen;4;1a;2025-12-25 17:54:42;2026-01-27 11:10:51;2026-02-05 21:16:39;2026-02-05 21:16:39;2026-02-05 21:16:39
spezialist, der, -en;4;1a;2025-12-25 17:54:45;2026-01-27 11:10:57;2026-02-05 21:17:04;2026-02-05 21:17:04;2026-02-05 21:17:04
spezialistin, die, -nen;4;1a;2025-12-25 17:54:50;2026-01-27 11:11:02;2026-02-05 21:17:29;2026-02-05 21:17:29;2026-02-05 21:17:29
urteil, das, -e;4;1a;2025-12-25 17:54:53;2026-01-27 11:11:09;2026-02-05 21:17:52;2026-02-05 21:17:52;2026-02-05 21:17:52
verbrechen, das, -;4;1a;2025-12-25 17:55:00;2026-01-27 11:11:15;2026-02-05 21:18:17;2026-02-05 21:18:17;2026-02-05 21:18:17
analyse, die, -n;4;1b;2025-12-25 17:55:08;2026-01-27 11:11:21;2026-02-05 21:18:42;2026-02-05 21:18:42;2026-02-05 21:18:42
aus|tragen, er trägt aus, trug aus, hat ausgetragen (post austragen);4;1b;2025-12-25 17:55:15;2026-01-27 11:11:28;2026-02-05 21:19:08;2026-02-05 21:19:08;2026-02-05 21:19:08
briefträger, der, -;4;1b;2025-12-25 17:55:21;2026-01-27 11:11:34;2026-02-05 21:19:32;2026-02-05 21:19:32;2026-02-05 21:19:32
briefträgerin, die, -nen;4;1b;2025-12-25 17:55:24;2026-01-27 11:11:40;2026-02-05 21:19:55;2026-02-05 21:19:55;2026-02-05 21:19:55
chemiker, der, -;4;1b;2025-12-25 17:55:27;2026-01-27 11:11:48;2026-02-05 21:20:19;2026-02-05 21:20:19;2026-02-05 21:20:19
chemikerin, die, -nen;4;1b;2025-12-25 17:55:32;2026-01-27 11:11:53;2026-02-05 21:20:45;2026-02-05 21:20:45;2026-02-05 21:20:45
elektronik, die (sg.);4;1b;2025-12-25 17:55:37;2026-01-27 11:12:00;2026-02-05 21:21:10;2026-02-05 21:21:10;2026-02-05 21:21:10
exakt;4;1b;2025-12-25 17:55:41;2026-01-27 11:12:05;2026-02-05 21:21:35;2026-02-05 21:21:35;2026-02-05 21:21:35
geregelt;4;1b;2025-12-25 19:41:44;2026-01-27 11:12:11;2026-02-06 10:36:39;2026-02-06 10:36:39;2026-02-06 10:36:39
mechatroniker, der, -;4;1b;2025-12-25 19:41:48;2026-01-27 11:12:19;2026-02-06 10:37:05;2026-02-06 10:37:05;2026-02-06 10:37:05
mechatronikerin, die, -nen;4;1b;2025-12-25 19:41:51;2026-01-27 11:12:27;2026-02-06 10:37:31;2026-02-06 10:37:31;2026-02-06 10:37:31
metall, das, -e;4;1b;2025-12-25 19:41:56;2026-01-27 11:12:32;2026-02-06 10:38:00;2026-02-06 10:38:00;2026-02-06 10:38:00
zu|stellen;4;1b;2025-12-25 19:42:04;2026-01-27 11:12:38;2026-02-06 10:38:25;2026-02-06 10:38:25;2026-02-06 10:38:25
augenblick, der, -e;4;1c;2025-12-25 19:42:10;2026-01-27 11:12:45;2026-02-06 10:38:50;2026-02-06 10:38:50;2026-02-06 10:38:50
daran;4;1c;2025-12-25 19:42:18;2026-01-27 11:12:50;2026-02-06 10:39:15;2026-02-06 10:39:15;2026-02-06 10:39:15
entwicklung, die, -en;4;1c;2025-12-25 19:42:26;2026-01-27 11:12:57;2026-02-06 10:39:48;2026-02-06 10:39:48;2026-02-06 10:39:48
ernst nehmen, er nimmt ernst, nahm ernst, hat ernst genommen;4;1c;2025-12-25 19:42:38;2026-01-27 11:13:03;2026-02-06 10:40:15;2026-02-06 10:40:15;2026-02-06 10:40:15
ursprünglich;4;1c;2025-12-25 19:42:46;2026-01-27 11:13:09;2026-02-06 10:41:33;2026-02-06 10:41:33;2026-02-06 10:41:33
aus|halten, er hält aus, hielt aus, hat ausgehalten;4;3;2025-12-25 19:43:00;2026-01-27 11:13:15;2026-02-06 10:42:01;2026-02-06 10:42:01;2026-02-06 10:42:01
wunschberuf, der, -e;4;3;2025-12-25 19:43:06;2026-01-27 11:13:23;2026-02-06 10:42:29;2026-02-06 10:42:29;2026-02-06 10:42:29
sich bedanken;4;4a;2025-12-25 19:43:10;2026-01-27 11:13:29;2026-02-06 10:42:53;2026-02-06 10:42:54;2026-02-06 10:42:54
konjunktivform, die, -en;4;4d;2025-12-25 19:43:17;2026-01-27 11:13:36;2026-02-06 10:43:21;2026-02-06 10:43:21;2026-02-06 10:43:21
bedingungssatz, der, -e;4;5a;2025-12-25 19:43:25;2026-01-27 11:13:44;2026-02-06 10:43:50;2026-02-06 10:43:50;2026-02-06 10:43:50
frei|nehmen, er nimmt frei, nahm frei, hat freigenommen;4;5a;2025-12-25 19:43:31;2026-01-27 11:13:50;2026-02-06 10:44:15;2026-02-06 10:44:15;2026-02-06 10:44:15
irreal;4;5a;2025-12-25 19:43:39;2026-01-27 11:13:57;2026-02-06 10:44:41;2026-02-06 10:44:41;2026-02-06 10:44:41
besteck, das, -e;4;6a;2025-12-25 19:43:43;2026-01-27 11:14:02;2026-02-06 10:45:07;2026-02-06 10:45:07;2026-02-06 10:45:07
bürste, die, -n;4;6a;2025-12-25 19:43:49;2026-01-27 11:14:09;2026-02-06 10:45:31;2026-02-06 10:45:31;2026-02-06 10:45:31
färben;4;6a;2025-12-25 19:43:54;2026-01-27 11:14:18;2026-02-06 10:45:58;2026-02-06 10:45:58;2026-02-06 10:45:58
föhnen;4;6a;2025-12-25 19:44:00;2026-01-27 11:14:24;2026-02-06 10:46:22;2026-02-06 10:46:23;2026-02-06 10:46:23
gaststätte, die, -n;4;6a;2025-12-25 19:44:05;2026-01-27 11:14:31;2026-02-06 10:46:49;2026-02-06 10:46:49;2026-02-06 10:46:49
hammer, der, -;4;6a;2025-12-25 19:44:17;2026-01-27 11:14:36;2026-02-06 10:47:15;2026-02-06 10:47:15;2026-02-06 10:47:15
imbiss, der, -e;4;6a;2025-12-25 19:44:21;2026-01-27 11:14:43;2026-02-06 10:47:40;2026-02-06 10:47:40;2026-02-06 10:47:40
kamm, der, -e;4;6a;2025-12-25 19:44:29;2026-01-27 11:14:49;2026-02-06 10:48:05;2026-02-06 10:48:05;2026-02-06 10:48:05
karton, der, -s;4;6a;2025-12-25 19:44:34;2026-01-27 11:14:56;2026-02-06 10:48:34;2026-02-06 10:48:34;2026-02-06 10:48:34
rechner, der, -;4;6a;2025-12-25 19:44:38;2026-01-27 11:15:02;2026-02-06 10:48:57;2026-02-06 10:48:57;2026-02-06 10:48:57
schere, die, -n;4;6a;2025-12-25 19:44:44;2026-01-27 11:15:08;2026-02-06 10:49:21;2026-02-06 10:49:21;2026-02-06 10:49:21
umschlag, der, -e;4;6a;2025-12-25 19:44:50;2026-01-27 11:15:15;2026-02-06 10:49:46;2026-02-06 10:49:46;2026-02-06 10:49:46
irren (sich) (in + d.);4;6c;2025-12-25 19:44:56;2026-01-27 11:15:21;2026-02-06 10:50:27;2026-02-06 10:50:27;2026-02-06 10:50:27
schütten (peinlich, heute habe ich einem kollegen aus versehen kaffee über das hemd geschüttet.);4;6c;2025-12-25 19:45:03;2026-01-27 11:15:29;2026-02-06 10:50:53;2026-02-06 10:50:53;2026-02-06 10:50:53
versehen, das, - (aus versehen);4;6c;2025-12-25 19:45:13;2026-01-27 11:15:35;2026-02-06 10:51:19;2026-02-06 10:51:19;2026-02-06 10:51:19
verwechseln;4;6c;2025-12-25 19:45:19;2026-01-27 11:15:44;2026-02-06 10:51:46;2026-02-06 10:51:46;2026-02-06 10:51:46
zusammen|sitzen, er sitzt zusammen, saß zusammen, ist zusammengesessen;4;6c;2025-12-25 19:45:27;2026-01-27 11:15:50;2026-02-06 13:22:45;2026-02-06 13:22:45;2026-02-06 13:22:45
absicht, die, -en;4;6d;2025-12-25 19:45:37;2026-01-27 11:15:57;2026-02-06 13:25:07;2026-02-06 13:25:07;2026-02-06 13:25:07
schrecklich (es tut mir schrecklich leid!);4;6d;2025-12-25 19:45:43;2026-01-27 11:16:05;2026-02-06 13:25:33;2026-02-06 13:25:33;2026-02-06 13:25:33
verzeihen, er verzeiht, verzieh, hat verziehen;4;6d;2025-12-25 19:45:49;2026-01-27 11:16:11;2026-02-07 19:06:52;2026-02-07 19:06:52;2026-02-07 19:06:52
kürzlich;4;6e;2025-12-25 19:45:55;2026-01-27 11:16:17;2026-02-07 19:07:17;2026-02-07 19:07:17;2026-02-07 19:07:17
unfreundlich;4;7a;2025-12-25 19:46:02;2026-01-27 11:16:25;2026-02-07 19:07:42;2026-02-07 19:07:42;2026-02-07 19:07:42
variante, die, -n;4;7a;2025-12-25 19:46:07;2026-01-27 11:16:31;2026-02-07 19:08:06;2026-02-07 19:08:06;2026-02-07 19:08:06
sich konzentrieren;4;7a;2025-12-25 19:46:18;2026-01-27 11:16:37;2026-02-07 19:08:31;2026-02-07 19:08:31;2026-02-07 19:08:31
ab|schreiben, er schreibt ab, schrieb ab, hat abgeschrieben;4;8b;2025-12-25 19:46:25;2026-01-27 11:16:44;2026-02-07 19:08:56;2026-02-07 19:08:56;2026-02-07 19:08:56
anhang, der, -e;4;8b;2025-12-25 19:46:28;2026-01-27 11:16:52;2026-02-07 19:09:20;2026-02-07 19:09:20;2026-02-07 19:09:20
an|kommen (auf + d.), es kommt an, kam an, ist angekommen;4;8b;2025-12-25 19:46:38;2026-01-27 11:17:01;2026-02-07 19:09:47;2026-02-07 19:09:47;2026-02-07 19:09:47
aussagekräftig;4;8b;2025-12-25 19:46:45;2026-01-27 11:17:08;2026-02-07 19:10:11;2026-02-07 19:10:11;2026-02-07 19:10:11
bescheinigung, die, -en;4;8b;2025-12-25 19:46:49;2026-01-27 11:17:15;2026-02-07 19:10:36;2026-02-07 19:10:36;2026-02-07 19:10:36
bewerbungsfoto, das, -s;4;8b;2025-12-25 19:46:54;2026-01-27 11:17:22;2026-02-07 19:11:03;2026-02-07 19:11:03;2026-02-07 19:11:03
bewerbungsportal, das, -e;4;8b;2025-12-25 19:47:00;2026-01-27 11:17:28;2026-02-07 19:11:29;2026-02-07 19:11:29;2026-02-07 19:11:29
bewerbungsschreiben, das, -;4;8b;2025-12-25 19:47:08;2026-01-27 11:17:34;2026-02-07 19:11:54;2026-02-07 19:11:54;2026-02-07 19:11:54
bewerbungstraining, das, -s;4;8b;2025-12-25 19:47:14;2026-01-27 11:17:40;2026-02-07 19:12:21;2026-02-07 19:12:21;2026-02-07 19:12:21
darum (2) (könntest du dich darum kümmern, dass unser kunde pünktlich zum flughafen kommt?);4;8b;2025-12-25 19:47:22;2026-01-27 11:17:40;2026-02-07 19:12:21;2026-02-07 19:12:21;2026-02-07 19:12:21
download, der, -s;4;8b;2025-12-25 19:57:28;2026-01-27 11:17:48;2026-02-07 19:12:48;2026-02-07 19:12:48;2026-02-07 19:12:48
eignen (sich) (für + a.);4;8b;2025-12-25 19:57:37;2026-01-27 11:17:54;2026-02-07 19:13:13;2026-02-07 19:13:13;2026-02-07 19:13:13
enthalten, er enthält, enthielt, hat enthalten;4;8b;2025-12-25 19:57:44;2026-01-27 11:18:00;2026-02-07 19:13:43;2026-02-07 19:13:43;2026-02-07 19:13:43
erkundigen (sich) (nach + d.);4;8b;2025-12-25 19:57:49;2026-01-27 11:18:08;2026-02-07 19:14:08;2026-02-07 19:14:08;2026-02-07 19:14:08
fortbildung, die, -en;4;8b;2025-12-25 19:57:53;2026-01-27 11:18:16;2026-02-07 19:14:32;2026-02-07 19:14:32;2026-02-07 19:14:32
frühere;4;8b;2025-12-25 19:58:03;2026-01-27 11:18:23;2026-02-07 19:14:58;2026-02-07 19:14:58;2026-02-07 19:14:58
geduld, die (sg.);4;8b;2025-12-25 19:58:13;2026-01-27 11:18:30;2026-02-07 19:15:22;2026-02-07 19:15:22;2026-02-07 19:15:22
institution, die, -en;4;8b;2025-12-25 19:58:18;2026-01-27 11:18:36;2026-02-07 19:15:49;2026-02-07 19:15:49;2026-02-07 19:15:49
jedoch;4;8b;2025-12-25 19:58:24;2026-01-27 11:18:42;2026-02-07 19:16:14;2026-02-07 19:16:14;2026-02-07 19:16:14
jobsuche, die, -n;4;8b;2025-12-25 19:58:27;2026-01-27 11:18:52;2026-02-07 19:16:40;2026-02-07 19:16:41;2026-02-07 19:16:41
lebenslauf, der, -e;4;8b;2025-12-25 19:58:31;2026-01-27 11:19:03;2026-02-07 19:17:04;2026-02-07 19:17:04;2026-02-07 19:17:04
mit|schicken;4;8b;2025-12-25 19:58:42;2026-01-27 11:19:03;2026-02-07 19:17:27;2026-02-07 19:17:27;2026-02-07 19:17:27
pdf-dokument, das, -e;4;8b;2025-12-25 19:58:47;2026-01-27 11:19:09;2026-02-07 19:17:52;2026-02-07 19:17:52;2026-02-07 19:17:52
personalabteilung, die, -en;4;8b;2025-12-25 20:14:25;2026-01-27 11:19:16;2026-02-07 19:18:19;2026-02-07 19:18:19;2026-02-07 19:18:19
personalchef, der, -s;4;8b;2025-12-25 20:14:30;2026-01-27 11:19:24;2026-02-07 19:18:44;2026-02-07 19:18:44;2026-02-07 19:18:44
personalchefin, die, -nen;4;8b;2025-12-25 20:14:38;2026-01-27 11:19:34;2026-02-07 19:19:12;2026-02-07 19:19:12;2026-02-07 19:19:12
personalien, die (pl.);4;8b;2025-12-25 20:14:45;2026-01-27 11:19:41;2026-02-07 19:19:38;2026-02-07 19:19:38;2026-02-07 19:19:38
profi, der, -s;4;8b;2025-12-25 20:14:49;2026-01-27 11:19:47;2026-02-07 19:20:07;2026-02-07 19:20:07;2026-02-07 19:20:07
ratgeber, der, -;4;8b;2025-12-25 20:14:56;2026-01-27 11:19:54;2026-02-07 19:20:34;2026-02-07 19:20:34;2026-02-07 19:20:34
relevant;4;8b;2025-12-25 20:15:02;2026-01-27 11:20:01;2026-02-07 19:20:58;2026-02-07 19:20:58;2026-02-07 19:20:58
sämtlich;4;8b;2025-12-25 20:15:11;2026-01-27 11:20:09;2026-02-07 19:21:23;2026-02-07 19:21:23;2026-02-07 19:21:23
selbstverständlich;4;8b;2025-12-25 20:15:17;2026-01-27 11:20:15;2026-02-07 23:44:32;2026-02-07 23:44:32;2026-02-07 23:44:32
seriös;4;8b;2025-12-25 20:15:26;2026-01-27 11:20:20;2026-02-08 12:43:28;2026-02-08 12:43:28;2026-02-08 12:43:28
stand, der (sg.) (der chef fragt mich oft nach dem stand der dinge in meinem projekt.);4;8b;2025-12-25 20:15:34;2026-01-27 11:20:26;2026-02-09 14:04:16;2026-02-09 14:04:16;2026-02-09 14:04:16
voraussetzung, die, -en;4;8b;2025-12-25 20:15:39;2026-01-27 11:20:32;2026-02-09 14:04:44;2026-02-09 14:04:44;2026-02-09 14:04:44
vorlage, die, -n;4;8b;2025-12-25 20:15:45;2026-01-27 11:20:38;2026-02-09 14:05:32;2026-02-09 14:05:32;2026-02-09 14:05:32
zukünftig;4;8b;2025-12-25 20:15:51;2026-01-27 11:20:44;2026-02-09 14:06:31;2026-02-09 14:06:31;2026-02-09 14:06:31
zweck, der, -e;4;8b;2025-12-25 20:15:54;2026-01-27 11:20:50;2026-02-09 14:06:59;2026-02-09 14:06:59;2026-02-09 14:06:59
sich beeilen;4;9a;2025-12-25 20:16:00;2026-01-27 11:20:58;2026-02-09 14:07:24;2026-02-09 14:07:24;2026-02-09 14:07:24
darüber;4;9b;2025-12-25 20:16:07;2026-01-27 11:21:04;2026-02-09 14:08:14;2026-02-09 14:08:14;2026-02-09 14:08:14
pronominaladverb, das, -ien;4;9b;2025-12-25 20:16:13;2026-01-27 11:21:11;2026-02-09 14:08:41;2026-02-09 14:08:41;2026-02-09 14:08:41
befriedigend;4;9c;2025-12-25 20:16:21;2026-01-27 11:21:18;2026-02-09 14:09:05;2026-02-09 14:09:05;2026-02-09 14:09:05
beziehen (sich) (auf + a.), er bezieht, bezog, hat bezogen;4;9c;2025-12-25 20:16:28;2026-01-27 11:21:23;2026-02-09 14:09:32;2026-02-09 14:09:32;2026-02-09 14:09:32
danach (die freie stelle? ja, frau markovic hat sich danach erkundigt.);4;9c;2025-12-25 20:16:36;2026-01-27 11:21:30;2026-02-09 14:10:00;2026-02-09 14:10:00;2026-02-09 14:10:00
arbeitnehmer, der, -;4;10a;2025-12-25 20:16:42;2026-01-27 11:21:36;2026-02-09 14:10:26;2026-02-09 14:10:26;2026-02-09 14:10:26
arbeitnehmerin, die, -nen;4;10a;2025-12-25 20:16:46;2026-01-27 11:21:42;2026-02-09 14:10:54;2026-02-09 14:10:54;2026-02-09 14:10:54
eindruck, der, -e (mach einen guten eindruck auf den arbeitgeber.);4;10a;2025-12-25 20:16:52;2026-01-27 11:21:48;2026-02-09 14:11:52;2026-02-09 14:11:52;2026-02-09 14:11:52
klein|machen;4;10a;2025-12-25 20:17:03;2026-01-27 11:21:54;2026-02-09 14:12:16;2026-02-09 14:12:16;2026-02-09 14:12:16
überzeugen (von + d.);4;10a;2025-12-25 20:17:14;2026-01-27 11:22:01;2026-02-09 14:13:53;2026-02-09 14:13:53;2026-02-09 14:13:53
qualifiziert;4;10c;2025-12-25 20:17:20;2026-01-27 11:22:08;2026-02-09 14:14:20;2026-02-09 14:14:20;2026-02-09 14:14:20
absprache, die, -n;4;12a;2025-12-25 20:17:27;2026-01-27 11:22:15;2026-02-09 14:15:38;2026-02-09 14:15:38;2026-02-09 14:15:38
gesucht;4;12a;2025-12-25 20:17:34;2026-01-27 11:22:23;2026-02-09 14:16:08;2026-02-09 14:16:08;2026-02-09 14:16:08
inserat, das, -e;4;12a;2025-12-25 20:17:38;2026-01-27 11:22:31;2026-02-09 14:16:40;2026-02-09 14:16:40;2026-02-09 14:16:40
kommunikativ;4;12a;2025-12-25 20:17:43;2026-01-27 11:22:37;2026-02-09 14:17:43;2026-02-09 14:17:43;2026-02-09 14:17:43
nachtportier, der, -s--e;4;12a;2025-12-25 20:17:49;2026-01-27 11:22:43;2026-02-09 14:18:07;2026-02-09 14:18:07;2026-02-09 14:18:07
stundenlohn, der, -e;4;12a;2025-12-25 20:17:56;2026-01-27 11:22:48;2026-02-09 14:18:31;2026-02-09 14:18:31;2026-02-09 14:18:31
teilzeitjob, der, -s;4;12a;2025-12-25 20:18:00;2026-01-27 11:22:55;2026-02-09 14:18:58;2026-02-09 14:18:58;2026-02-09 14:18:58
vergnügen, das, -;4;12a;2025-12-25 20:18:05;2026-01-27 11:23:01;2026-02-09 14:19:23;2026-02-09 14:19:23;2026-02-09 14:19:23
zeiteinteilung, die, -en;4;12a;2025-12-25 20:18:13;2026-01-27 11:23:08;2026-02-09 14:19:49;2026-02-09 14:19:49;2026-02-09 14:19:49
bereich, der, -e;4;12b;2025-12-25 20:18:19;2026-01-27 11:23:14;2026-02-09 14:20:13;2026-02-09 14:20:13;2026-02-09 14:20:13
bewerbungsunterlagen, die (pl.);4;12b;2025-12-25 20:18:23;2026-01-27 11:23:20;2026-02-09 14:20:39;2026-02-09 14:20:39;2026-02-09 14:20:39
interessent, der, -en;4;12b;2025-12-25 20:18:28;2026-01-27 11:23:26;2026-02-09 14:21:07;2026-02-09 14:21:07;2026-02-09 14:21:07
interessentin, die, -nen;4;12b;2025-12-25 20:18:33;2026-01-27 11:23:32;2026-02-09 14:21:32;2026-02-09 14:21:32;2026-02-09 14:21:32
vorbei|kommen, er kommt vorbei, kam vorbei, ist vorbeigekommen;4;12b;2025-12-25 20:18:41;2026-01-27 11:23:40;2026-02-09 14:22:00;2026-02-09 14:22:00;2026-02-09 14:22:00
absolut;4;13b;2025-12-25 20:18:47;2026-01-27 11:23:46;2026-02-09 14:23:13;2026-02-09 14:23:13;2026-02-09 14:23:13
aggressiv;4;13b;2025-12-25 20:18:53;2026-01-27 11:23:54;2026-02-09 14:24:31;2026-02-09 14:24:31;2026-02-09 14:24:31
anfahrt, die, -en;4;13b;2025-12-25 20:18:58;2026-01-27 11:24:00;2026-02-09 14:24:57;2026-02-09 14:24:57;2026-02-09 14:24:57
aufmerksamkeit, die (sg.);4;13b;2025-12-25 20:19:05;2026-01-27 11:24:05;2026-02-10 11:20:01;2026-02-10 11:20:01;2026-02-10 11:20:01
aufregung, die (sg.);4;13b;2025-12-25 20:19:11;2026-01-27 11:24:12;2026-02-10 11:20:42;2026-02-10 11:20:42;2026-02-10 11:20:42
auftritt, der, -e;4;13b;2025-12-25 20:19:16;2026-01-27 11:24:18;2026-02-10 11:21:10;2026-02-10 11:21:10;2026-02-10 11:21:10
beurteilung, die, -en;4;13b;2025-12-25 20:19:21;2026-01-27 11:24:27;2026-02-10 11:21:37;2026-02-10 11:21:37;2026-02-10 11:21:37
bewerber, der, -;4;13b;2025-12-25 20:19:27;2026-01-27 11:24:37;2026-02-10 11:22:03;2026-02-10 11:22:03;2026-02-10 11:22:03
bewerberin, die, -nen;4;13b;2025-12-25 20:19:30;2026-01-27 11:24:44;2026-02-10 11:22:29;2026-02-10 11:22:29;2026-02-10 11:22:29
branche, die, -n;4;13b;2025-12-25 20:19:35;2026-01-27 11:24:50;2026-02-10 11:23:57;2026-02-10 11:23:57;2026-02-10 11:23:57
einstellung, die, -en;4;13b;2025-12-25 20:19:42;2026-01-27 11:24:59;2026-02-10 11:24:27;2026-02-10 11:24:27;2026-02-10 11:24:27
entspannt;4;13b;2025-12-25 20:19:48;2026-01-27 11:25:08;2026-02-10 11:25:11;2026-02-10 11:25:11;2026-02-10 11:25:11
fähigkeit, die, -en;4;13b;2025-12-25 20:19:52;2026-01-27 11:25:15;2026-02-10 11:25:37;2026-02-10 11:25:37;2026-02-10 11:25:37
faktor, der, faktoren;4;13b;2025-12-25 20:19:56;2026-01-27 11:25:22;2026-02-10 11:26:03;2026-02-10 11:26:03;2026-02-10 11:26:03
gesamt;4;13b;2025-12-25 20:20:03;2026-01-27 11:25:29;2026-02-10 11:26:29;2026-02-10 11:26:29;2026-02-10 11:26:29
heraus|suchen;4;13b;2025-12-25 20:20:10;2026-01-27 11:25:35;2026-02-10 11:26:54;2026-02-10 11:26:54;2026-02-10 11:26:54
konservativ;4;13b;2025-12-25 20:20:17;2026-01-27 11:25:42;2026-02-10 11:27:22;2026-02-10 11:27:22;2026-02-10 11:27:22
körperhaltung, die, -en;4;13b;2025-12-25 20:20:22;2026-01-27 11:25:49;2026-02-10 11:27:54;2026-02-10 11:27:54;2026-02-10 11:27:54
körpersprache, die (sg.);4;13b;2025-12-25 20:20:26;2026-01-27 11:25:57;2026-02-10 11:28:20;2026-02-10 11:28:20;2026-02-10 11:28:20
lauter (vor lauter aufregung habe ich die frage der prüferin nicht verstanden.);4;13b;2025-12-25 20:20:35;2026-01-27 11:26:04;2026-02-10 11:28:51;2026-02-10 11:28:51;2026-02-10 11:28:51
locker;4;13b;2025-12-25 20:20:42;2026-01-27 11:26:12;2026-02-10 11:29:16;2026-02-10 11:29:16;2026-02-10 11:29:16
menschlich;4;13b;2025-12-25 20:20:50;2026-01-27 11:26:20;2026-02-10 11:29:52;2026-02-10 11:29:52;2026-02-10 11:29:52
möglichst;4;13b;2025-12-25 20:20:55;2026-01-27 11:26:26;2026-02-10 11:30:15;2026-02-10 11:30:15;2026-02-10 11:30:15
offen (jeder arbeitgeber freut sich über offene und engagierte mitarbeiter.);4;13b;2025-12-25 20:21:01;2026-01-27 11:26:33;2026-02-10 11:30:41;2026-02-10 11:30:41;2026-02-10 11:30:41
optimistisch;4;13b;2025-12-25 20:21:10;2026-01-27 11:26:40;2026-02-10 11:31:06;2026-02-10 11:31:06;2026-02-10 11:31:06
outfit, das, -s;4;13b;2025-12-25 20:21:15;2026-01-27 11:26:47;2026-02-10 11:31:34;2026-02-10 11:31:34;2026-02-10 11:31:34
persönlichkeit, die, -en;4;13b;2025-12-25 20:21:19;2026-01-27 11:26:55;2026-02-10 11:31:58;2026-02-10 11:31:58;2026-02-10 11:31:58
planung, die, -en;4;13b;2025-12-25 20:21:23;2026-01-27 11:27:02;2026-02-10 11:32:54;2026-02-10 11:32:54;2026-02-10 11:32:54
ruhig (sagen sie ruhig, wenn sie etwas nicht verstanden haben.);4;13b;2025-12-25 20:21:29;2026-01-27 11:27:10;2026-02-10 11:34:23;2026-02-10 11:34:23;2026-02-10 11:34:23
signalisieren;4;13b;2025-12-25 20:21:35;2026-01-27 11:27:17;2026-02-10 11:34:51;2026-02-10 11:34:51;2026-02-10 11:34:51
steif;4;13b;2025-12-25 20:21:42;2026-01-27 11:27:24;2026-02-10 11:35:18;2026-02-10 11:35:18;2026-02-10 11:35:18
stellen (den wecker stellen);4;13b;2025-12-25 20:21:49;2026-01-27 11:27:32;2026-02-10 11:35:43;2026-02-10 11:35:43;2026-02-10 11:35:43
unternehmer, der, -;4;13b;2025-12-25 20:21:54;2026-01-27 11:27:38;2026-02-10 11:36:14;2026-02-10 11:36:14;2026-02-10 11:36:14
unternehmerin, die, -nen;4;13b;2025-12-25 20:21:59;2026-01-27 11:27:47;2026-02-10 11:36:44;2026-02-10 11:36:44;2026-02-10 11:36:44
verbindung, die, -en;4;13b;2025-12-25 20:22:06;2026-01-27 11:27:54;2026-02-10 11:37:11;2026-02-10 11:37:11;2026-02-10 11:37:11
vor|ziehen, er zieht vor, zog vor, hat vorgezogen;4;13b;2025-12-25 20:22:16;2026-01-27 11:28:02;2026-02-10 11:37:37;2026-02-10 11:37:37;2026-02-10 11:37:37
wecker, der, - (den wecker stellen);4;13b;2025-12-25 20:22:23;2026-01-27 11:28:10;2026-02-10 11:38:02;2026-02-10 11:38:03;2026-02-10 11:38:03
zählen (1) (zu + d.) (pünktlichkeit zählt zu den wichtigsten eigenschaften eines bewerbers.);4;13b;2025-12-25 20:22:33;2026-01-27 11:28:17;2026-02-10 17:40:53;2026-02-10 17:40:53;2026-02-10 17:40:53
zahlreich;4;13b;2025-12-25 20:22:38;2026-01-27 11:28:23;2026-02-10 17:56:33;2026-02-10 17:56:33;2026-02-10 17:56:33
zornig;4;13b;2025-12-25 20:22:45;2026-01-27 11:28:29;2026-02-10 17:57:01;2026-02-10 17:57:01;2026-02-10 17:57:01
zusammen|stellen;4;13b;2025-12-25 20:22:51;2026-01-27 11:28:35;2026-02-11 22:26:09;2026-02-11 22:26:09;2026-02-11 22:26:09
zweifel, der, -;4;13b;2025-12-25 20:22:58;2026-01-27 11:28:42;2026-02-11 22:26:32;2026-02-11 22:26:32;2026-02-11 22:26:32
inhaltlich;4;13c;2025-12-25 20:23:05;2026-01-27 11:28:49;2026-02-11 22:26:56;2026-02-11 22:26:56;2026-02-11 22:26:56
speziell;4;13d;2025-12-25 20:23:11;2026-01-27 11:28:55;2026-02-11 22:27:21;2026-02-11 22:27:21;2026-02-11 22:27:21
abfall, der, -e;5;1a;2025-12-25 20:23:19;2026-01-27 11:29:02;2026-02-11 22:27:46;2026-02-11 22:27:46;2026-02-11 22:27:46
autofahrer, der, -;5;1a;2025-12-25 20:23:25;2026-01-27 11:29:11;2026-02-11 22:28:11;2026-02-11 22:28:11;2026-02-11 22:28:11
autofahrerin, die, -nen;5;1a;2025-12-25 20:23:29;2026-01-27 11:29:19;2026-02-11 22:28:35;2026-02-11 22:28:35;2026-02-11 22:28:35
bio- (bio-produkte);5;1a;2025-12-25 20:23:36;2026-01-27 11:29:26;2026-02-11 22:28:59;2026-02-11 22:28:59;2026-02-11 22:28:59
digital;5;1a;2025-12-25 20:23:41;2026-01-27 11:29:33;2026-02-11 22:29:25;2026-02-11 22:29:25;2026-02-11 22:29:25
durchschnitt, der (sg.);5;1a;2025-12-25 20:23:45;2026-01-27 11:29:40;2026-02-11 22:29:50;2026-02-11 22:29:50;2026-02-11 22:29:50
europäisch;5;1a;2025-12-25 20:23:52;2026-01-27 11:29:46;2026-02-11 22:30:18;2026-02-11 22:30:18;2026-02-11 22:30:18
fleischkonsum, der (sg.);5;1a;2025-12-25 20:23:56;2026-01-27 11:29:56;2026-02-11 22:30:43;2026-02-11 22:30:43;2026-02-11 22:30:43
huhn, das, -er;5;1a;2025-12-25 20:24:01;2026-01-27 11:30:03;2026-02-11 22:31:10;2026-02-11 22:31:10;2026-02-11 22:31:10
liegen (2), er liegt, lag, hat gelegen (der marktanteil von bio-fleisch liegt nur bei zwei prozent.);5;1a;2025-12-25 20:24:07;2026-01-27 11:30:03;2026-02-11 22:31:10;2026-02-11 22:31:10;2026-02-11 22:31:10
marktanteil, der, -e;5;1a;2025-12-25 20:24:13;2026-01-27 11:30:09;2026-02-11 22:31:36;2026-02-11 22:31:36;2026-02-11 22:31:36
mit|rechnen;5;1a;2025-12-25 20:24:21;2026-01-27 11:30:16;2026-02-11 22:32:00;2026-02-11 22:32:00;2026-02-11 22:32:00
papierverbrauch, der (sg.);5;1a;2025-12-25 20:24:26;2026-01-27 11:30:23;2026-02-11 22:32:26;2026-02-11 22:32:26;2026-02-11 22:32:26
rekord, der, -e;5;1a;2025-12-25 20:24:30;2026-01-27 11:30:30;2026-02-11 22:32:50;2026-02-11 22:32:50;2026-02-11 22:32:50
rind, das, -er;5;1a;2025-12-25 20:24:35;2026-01-27 11:30:36;2026-02-11 22:33:14;2026-02-11 22:33:14;2026-02-11 22:33:14
trinkwasser, das (sg.);5;1a;2025-12-25 20:24:39;2026-01-27 11:30:42;2026-02-11 22:33:37;2026-02-11 22:33:37;2026-02-11 22:33:37
verbrauchen;5;1a;2025-12-25 20:24:44;2026-01-27 11:30:49;2026-02-11 22:34:01;2026-02-11 22:34:01;2026-02-11 22:34:01
verpackungsmüll, der (sg.);5;1a;2025-12-25 20:24:48;2026-01-27 11:30:56;2026-02-11 22:34:27;2026-02-11 22:34:27;2026-02-11 22:34:27
bioprodukt, das, -e;5;2a;2025-12-25 20:24:53;2026-01-27 11:31:02;2026-02-11 22:34:51;2026-02-11 22:34:51;2026-02-11 22:34:51
recycling, das (sg.);5;2a;2025-12-25 20:24:59;2026-01-27 11:31:08;2026-02-11 22:35:15;2026-02-11 22:35:15;2026-02-11 22:35:15
region, die, -en;5;2a;2025-12-25 20:25:04;2026-01-27 11:31:17;2026-02-11 22:35:41;2026-02-11 22:35:41;2026-02-11 22:35:41
regional;5;2a;2025-12-25 20:25:10;2026-01-27 11:31:23;2026-02-11 22:36:05;2026-02-11 22:36:05;2026-02-11 22:36:05
schützen (vor + d.);5;2a;2025-12-25 20:25:17;2026-01-27 11:31:32;2026-02-11 22:36:31;2026-02-11 22:36:31;2026-02-11 22:36:31
transportweg, der, -e;5;2a;2025-12-25 20:25:22;2026-01-27 11:31:38;2026-02-11 22:36:57;2026-02-11 22:36:57;2026-02-11 22:36:57
abgas, das, -e;5;2b;2025-12-25 20:25:27;2026-01-27 11:31:45;2026-02-11 22:37:23;2026-02-11 22:37:23;2026-02-11 22:37:23
auf|halten (2), er hält auf, hielt auf, hat aufgehalten (wir müssen die klimaerwärmung aufhalten!);5;2b;2025-12-25 20:25:35;2026-01-27 11:31:45;2026-02-11 22:37:23;2026-02-11 22:37:23;2026-02-11 22:37:23
bekämpfen;5;2b;2025-12-25 20:25:40;2026-01-27 11:31:53;2026-02-11 22:37:49;2026-02-11 22:37:49;2026-02-11 22:37:49
beobachten;5;2b;2025-12-25 20:25:46;2026-01-27 11:32:00;2026-02-11 22:38:14;2026-02-11 22:38:14;2026-02-11 22:38:14
bio;5;2b;2025-12-25 20:25:55;2026-01-27 11:32:00;2026-02-11 22:38:14;2026-02-11 22:38:14;2026-02-11 22:38:14
durch|setzen;5;2b;2025-12-25 20:26:04;2026-01-27 11:32:06;2026-02-11 22:38:39;2026-02-11 22:38:39;2026-02-11 22:38:39
durch|streichen, er streicht durch, strich durch, hat durchgestrichen;5;2b;2025-12-25 20:26:09;2026-01-27 11:32:12;2026-02-11 22:39:07;2026-02-11 22:39:07;2026-02-11 22:39:07
erde, die (sg.);5;2b;2025-12-25 20:26:13;2026-01-27 11:32:19;2026-02-11 22:39:30;2026-02-11 22:39:30;2026-02-11 22:39:30
erforschen;5;2b;2025-12-25 20:26:19;2026-01-27 11:32:27;2026-02-12 00:38:23;2026-02-12 00:38:23;2026-02-12 00:38:23
ergreifen, er ergreift, ergriff, hat ergriffen;5;2b;2025-12-25 20:26:24;2026-01-27 11:32:33;2026-02-12 00:38:47;2026-02-12 00:38:47;2026-02-12 00:38:47
ernte, die, -n;5;2b;2025-12-25 20:26:28;2026-01-27 11:53:06;2026-02-15 20:48:49;2026-02-15 20:48:49;2026-02-15 20:48:49
ernten;5;2b;2025-12-25 20:26:34;2026-01-27 11:53:12;2026-02-15 20:49:15;2026-02-15 20:49:15;2026-02-15 20:49:15
extrem;5;2b;2025-12-25 20:26:41;2026-01-27 11:53:18;2026-02-15 20:49:44;2026-02-15 20:49:44;2026-02-15 20:49:44
fördern;5;2b;2025-12-25 20:26:49;2026-01-27 11:53:25;2026-02-15 20:50:10;2026-02-15 20:50:10;2026-02-15 20:50:10
fortschritt, der, -e;5;2b;2025-12-25 20:26:55;2026-01-27 11:53:31;2026-02-15 20:50:36;2026-02-15 20:50:36;2026-02-15 20:50:36
herkunft, die, -e;5;2b;2025-12-25 20:26:59;2026-01-27 11:53:36;2026-02-15 20:51:02;2026-02-15 20:51:02;2026-02-15 20:51:02
klimaerwärmung, die (sg.);5;2b;2025-12-25 20:27:05;2026-01-27 11:53:44;2026-02-15 20:51:30;2026-02-15 20:51:30;2026-02-15 20:51:30
klimawandel, der (sg.);5;2b;2025-12-25 20:27:09;2026-01-27 11:53:50;2026-02-15 20:51:54;2026-02-15 20:51:54;2026-02-15 20:51:54
marke, die, -n;5;2b;2025-12-25 20:27:12;2026-01-27 11:53:57;2026-02-15 20:52:50;2026-02-15 20:52:50;2026-02-15 20:52:50
maßnahme, die, -n;5;2b;2025-12-25 20:27:16;2026-01-27 11:54:03;2026-02-15 20:53:16;2026-02-15 20:53:16;2026-02-15 20:53:16
messen, er misst, maß, hat gemessen;5;2b;2025-12-25 20:27:23;2026-01-27 11:54:10;2026-02-15 20:53:42;2026-02-15 20:53:42;2026-02-15 20:53:42
ökologisch;5;2b;2025-12-25 20:27:28;2026-01-27 11:54:16;2026-02-15 20:54:07;2026-02-15 20:54:07;2026-02-15 20:54:07
ressource, die, -n;5;2b;2025-12-25 20:27:33;2026-01-27 11:54:23;2026-02-15 20:54:31;2026-02-15 20:54:31;2026-02-15 20:54:31
schädlich;5;2b;2025-12-26 10:20:24;2026-01-27 11:54:30;2026-02-15 20:54:57;2026-02-15 20:54:57;2026-02-15 20:54:57
stoppen;5;2b;2025-12-26 10:20:32;2026-01-27 11:54:35;2026-02-15 20:55:21;2026-02-15 20:55:21;2026-02-15 20:55:21
umweltschutz, der (sg.);5;2b;2025-12-26 10:20:41;2026-01-27 11:54:41;2026-02-15 20:55:45;2026-02-15 20:55:45;2026-02-15 20:55:45
umweltverschmutzung, die (sg.);5;2b;2025-12-26 10:20:45;2026-01-27 11:54:48;2026-02-15 20:56:10;2026-02-15 20:56:10;2026-02-15 20:56:10
unterstützen;5;2b;2025-12-26 10:20:52;2026-01-27 11:54:55;2026-02-15 20:56:36;2026-02-15 20:56:36;2026-02-15 20:56:36
ursache, die, -n;5;2b;2025-12-26 10:20:57;2026-01-27 11:55:00;2026-02-15 20:57:00;2026-02-15 20:57:00;2026-02-15 20:57:00
vernichten;5;2b;2025-12-26 10:21:03;2026-01-27 11:55:10;2026-02-15 20:57:25;2026-02-15 20:57:25;2026-02-15 20:57:25
verringern;5;2b;2025-12-26 10:21:09;2026-01-27 11:55:17;2026-02-15 20:57:50;2026-02-15 20:57:50;2026-02-15 20:57:50
verschwenden;5;2b;2025-12-26 10:21:16;2026-01-27 11:55:28;2026-02-15 20:58:14;2026-02-15 20:58:14;2026-02-15 20:58:14
zerstören;5;2b;2025-12-26 10:21:26;2026-01-27 11:55:35;2026-02-15 20:58:42;2026-02-15 20:58:42;2026-02-15 20:58:42
begriff, der, -e;5;3;2025-12-26 10:21:30;2026-01-27 11:55:41;2026-02-15 20:59:06;2026-02-15 20:59:06;2026-02-15 20:59:06
berechnen;5;3;2025-12-26 10:21:36;2026-01-27 11:55:47;2026-02-15 20:59:29;2026-02-15 20:59:29;2026-02-15 20:59:29
fußabdruck, der, -e;5;3;2025-12-26 10:21:40;2026-01-27 11:55:53;2026-02-15 20:59:53;2026-02-15 20:59:53;2026-02-15 20:59:53
sich beschweren;5;3a;2025-12-26 10:21:46;2026-01-27 11:56:00;2026-02-16 11:02:12;2026-02-16 11:02:12;2026-02-16 11:02:12
sich streiten;5;3a;2025-12-26 10:21:54;2026-01-27 11:56:08;2026-02-16 11:02:38;2026-02-16 11:02:38;2026-02-16 11:02:38
geschirrspüler, der, -;5;4a;2025-12-26 10:22:01;2026-01-27 11:56:14;2026-02-16 11:03:05;2026-02-16 11:03:05;2026-02-16 11:03:05
glasflasche, die, -n;5;4a;2025-12-26 10:22:03;2026-01-27 11:56:20;2026-02-16 11:03:29;2026-02-16 11:03:29;2026-02-16 11:03:29
öko-duell, das, -e;5;4a;2025-12-26 10:22:09;2026-01-27 11:56:29;2026-02-16 11:03:56;2026-02-16 11:03:56;2026-02-16 11:03:56
plastikflasche, die, -n;5;4a;2025-12-26 10:22:16;2026-01-27 11:56:35;2026-02-16 11:04:23;2026-02-16 11:04:23;2026-02-16 11:04:23
allerdings;5;4b;2025-12-26 10:22:23;2026-01-27 11:56:41;2026-02-16 11:04:50;2026-02-16 11:04:50;2026-02-16 11:04:50
bedarf, der (sg.);5;4b;2025-12-26 10:22:27;2026-01-27 11:56:47;2026-02-16 11:05:17;2026-02-16 11:05:17;2026-02-16 11:05:17
duschzeit, die, -en;5;4b;2025-12-26 10:22:34;2026-01-27 11:56:53;2026-02-16 11:07:11;2026-02-16 11:07:11;2026-02-16 11:07:11
effizient;5;4b;2025-12-26 10:22:40;2026-01-27 11:56:59;2026-02-16 11:07:37;2026-02-16 11:07:37;2026-02-16 11:07:37
einwegflasche, die, -n;5;4b;2025-12-26 10:22:47;2026-01-27 11:57:06;2026-02-16 11:08:02;2026-02-16 11:08:02;2026-02-16 11:08:02
erwärmen;5;4b;2025-12-26 10:22:52;2026-01-27 11:57:12;2026-02-16 11:08:26;2026-02-16 11:08:26;2026-02-16 11:08:26
fall, der, -e (in jedem fall);5;4b;2025-12-26 10:22:57;2026-01-27 11:57:18;2026-02-16 11:08:52;2026-02-16 11:08:52;2026-02-16 11:08:52
gedruckt;5;4b;2025-12-26 10:23:11;2026-01-27 11:57:24;2026-02-16 11:09:16;2026-02-16 11:09:16;2026-02-16 11:09:16
kommen (3) (zu + d.), er kommt, kam, ist gekommen (die diskussion kam leider zu keinem ergebnis.);5;4b;2025-12-26 10:23:21;2026-01-27 11:57:24;2026-02-16 11:09:16;2026-02-16 11:09:16;2026-02-16 11:09:16
korrekt;5;4b;2025-12-26 10:23:28;2026-01-27 11:57:29;2026-02-16 11:09:42;2026-02-16 11:09:42;2026-02-16 11:09:42
mehrwegflasche, die, -n;5;4b;2025-12-26 10:23:33;2026-01-27 11:57:36;2026-02-16 11:10:08;2026-02-16 11:10:08;2026-02-16 11:10:08
ökobilanz, die, -en;5;4b;2025-12-26 10:23:37;2026-01-27 11:57:44;2026-02-16 11:10:36;2026-02-16 11:10:36;2026-02-16 11:10:36
resultat, das, -e;5;4b;2025-12-26 10:23:45;2026-01-27 11:57:50;2026-02-16 11:11:01;2026-02-16 11:11:01;2026-02-16 11:11:01
seite, die, -n (mit einer spülmaschine sind sie ökologisch auf der sicheren seite.);5;4b;2025-12-26 10:23:51;2026-01-27 11:57:56;2026-02-16 11:11:27;2026-02-16 11:11:27;2026-02-16 11:11:28
treffen, er trifft, traf, hat getroffen (eine wahl treffen);5;4b;2025-12-26 10:24:01;2026-01-27 11:58:02;2026-02-16 11:11:54;2026-02-16 11:11:54;2026-02-16 11:11:54
unterscheiden, er unterscheidet, unterschied, hat unterschieden (unterscheiden zwischen zwei verschiedenen dingen);5;4b;2025-12-26 10:24:09;2026-01-27 11:58:08;2026-02-16 11:12:19;2026-02-16 11:12:19;2026-02-16 11:12:20
wahl (2), die, -en (eine wahl treffen);5;4b;2025-12-26 10:24:15;2026-01-27 11:58:08;2026-02-16 11:12:20;2026-02-16 11:12:20;2026-02-16 11:12:20
ökovergleich, der, -e;5;5a;2025-12-26 10:24:22;2026-01-27 11:58:15;2026-02-16 11:12:47;2026-02-16 11:12:47;2026-02-16 11:12:47
alternative, die, -n;5;6a;2025-12-26 10:24:27;2026-01-27 11:58:23;2026-02-16 11:13:15;2026-02-16 11:13:15;2026-02-16 11:13:15
pfandflasche, die, -n;5;6a;2025-12-26 10:24:32;2026-01-27 11:58:30;2026-02-16 11:13:42;2026-02-16 11:13:42;2026-02-16 11:13:42
sich registrieren;5;6a;2025-12-26 10:24:38;2026-01-27 11:58:36;2026-02-16 11:14:07;2026-02-16 11:14:07;2026-02-16 11:14:07
energiekosten, die (pl.);5;6b;2025-12-26 10:24:48;2026-01-27 11:58:43;2026-02-16 11:14:33;2026-02-16 11:14:33;2026-02-16 11:14:33
satzzeichen, das, -;5;7a;2025-12-26 10:24:52;2026-01-27 11:58:49;2026-02-16 11:15:01;2026-02-16 11:15:01;2026-02-16 11:15:01
berichten;5;7a;2025-12-26 10:25:00;2026-01-27 11:58:54;2026-02-16 11:15:28;2026-02-16 11:15:28;2026-02-16 11:15:28
müllproblem, das, -e;5;7b;2025-12-26 10:25:06;2026-01-27 11:59:03;2026-02-16 11:16:03;2026-02-16 11:16:03;2026-02-16 11:16:03
absatz, der, -e;5;8a;2025-12-26 10:25:11;2026-01-27 11:59:09;2026-02-16 11:16:29;2026-02-16 11:16:29;2026-02-16 11:16:29
allein;5;8a;2025-12-26 10:25:20;2026-01-27 11:59:15;2026-02-16 11:16:55;2026-02-16 11:16:55;2026-02-16 11:16:55
außenseite, die, -n;5;8a;2025-12-26 10:25:25;2026-01-27 11:59:22;2026-02-16 11:17:21;2026-02-16 11:17:21;2026-02-16 11:17:21
beschädigt;5;8a;2025-12-26 10:25:32;2026-01-27 11:59:27;2026-02-17 16:34:06;2026-02-17 16:34:06;2026-02-17 16:34:06
dagegen;5;8a;2025-12-26 10:25:40;2026-01-27 11:59:33;2026-02-17 16:34:34;2026-02-17 16:34:34;2026-02-17 16:34:35
damit (damit nicht so viel müll entsteht, gibt es pfandbecher.);5;8a;2025-12-26 10:25:46;2026-01-27 11:59:41;2026-02-17 16:35:00;2026-02-17 16:35:00;2026-02-17 16:35:00
entstehen, er entsteht, entstand, ist entstanden;5;8a;2025-12-26 10:25:52;2026-01-27 11:59:48;2026-02-17 16:35:25;2026-02-17 16:35:25;2026-02-17 16:35:25
erhältlich;5;8a;2025-12-26 10:25:58;2026-01-27 11:59:54;2026-02-17 16:36:22;2026-02-17 16:36:22;2026-02-17 16:36:22
gegend, die, -en;5;8a;2025-12-26 10:26:03;2026-01-27 12:00:00;2026-02-17 16:36:45;2026-02-17 16:36:46;2026-02-17 16:36:46
geschäftsidee, die, -n;5;8a;2025-12-26 10:26:08;2026-01-27 12:00:07;2026-02-17 16:37:13;2026-02-17 16:37:13;2026-02-17 16:37:13
haltbar;5;8a;2025-12-26 10:26:16;2026-01-27 12:00:16;2026-02-17 16:37:38;2026-02-17 16:37:38;2026-02-17 16:37:38
jederzeit;5;8a;2025-12-26 10:26:23;2026-01-27 12:00:22;2026-02-17 16:38:04;2026-02-17 16:38:04;2026-02-17 16:38:04
kaffeebecher, der, -;5;8a;2025-12-26 10:26:29;2026-01-27 12:00:29;2026-02-17 16:38:28;2026-02-17 16:38:28;2026-02-17 16:38:28
krumm;5;8a;2025-12-26 10:26:37;2026-01-27 12:00:35;2026-02-17 16:38:52;2026-02-17 16:38:52;2026-02-17 16:38:52
kunststoff, der, -e;5;8a;2025-12-26 10:26:44;2026-01-27 12:00:43;2026-02-17 16:39:28;2026-02-17 16:39:28;2026-02-17 16:39:28
landen (es landen viel zu viele kaffeebecher im abfall.);5;8a;2025-12-26 10:26:52;2026-01-27 12:00:51;2026-02-17 16:39:53;2026-02-17 16:39:53;2026-02-17 16:39:53
liefern;5;8a;2025-12-26 10:27:01;2026-01-27 12:00:56;2026-02-17 16:40:17;2026-02-17 16:40:17;2026-02-17 16:40:17
müllberg, der, -e;5;8a;2025-12-26 10:27:06;2026-01-27 12:01:02;2026-02-17 16:40:43;2026-02-17 16:40:43;2026-02-17 16:40:43
mülleimer, der, -;5;8a;2025-12-26 10:27:12;2026-01-27 12:01:10;2026-02-17 16:41:08;2026-02-17 16:41:08;2026-02-17 16:41:08
nachhaltig;5;8a;2025-12-26 10:27:19;2026-01-27 12:01:17;2026-02-17 16:41:35;2026-02-17 16:41:35;2026-02-17 16:41:35
neugründung, die, -en;5;8a;2025-12-26 10:27:23;2026-01-27 12:01:23;2026-02-17 16:42:03;2026-02-17 16:42:03;2026-02-17 16:42:03
ökostrom, der (sg.);5;8a;2025-12-26 10:27:30;2026-01-27 12:01:29;2026-02-17 16:42:30;2026-02-17 16:42:30;2026-02-17 16:42:30
online-shop, der, -s;5;8a;2025-12-26 10:27:33;2026-01-27 12:01:35;2026-02-17 16:42:56;2026-02-17 16:42:56;2026-02-17 16:42:56
pfand, das (sg.);5;8a;2025-12-26 10:27:39;2026-01-27 12:01:41;2026-02-17 16:43:20;2026-02-17 16:43:20;2026-02-17 16:43:20
recycelbar;5;8a;2025-12-26 10:27:45;2026-01-27 12:01:47;2026-02-17 16:43:47;2026-02-17 16:43:47;2026-02-17 16:43:47
sogenannt;5;8a;2025-12-26 10:27:54;2026-01-27 12:01:53;2026-02-17 16:44:13;2026-02-17 16:44:13;2026-02-17 16:44:13
solarpanel, das, -e;5;8a;2025-12-26 10:27:58;2026-01-27 12:02:02;2026-02-17 16:44:40;2026-02-17 16:44:40;2026-02-17 16:44:40
sonnenenergie, die (sg.);5;8a;2025-12-26 10:28:03;2026-01-27 12:02:08;2026-02-17 16:45:05;2026-02-17 16:45:05;2026-02-17 16:45:05
start-up, das, -s;5;8a;2025-12-26 10:28:07;2026-01-27 12:02:15;2026-02-17 16:45:32;2026-02-17 16:45:32;2026-02-17 16:45:32
steckdose, die, -n;5;8a;2025-12-26 10:28:12;2026-01-27 12:02:21;2026-02-17 16:45:58;2026-02-17 16:45:58;2026-02-17 16:45:58
tonne, die, -n;5;8a;2025-12-26 10:28:20;2026-01-27 12:02:28;2026-02-17 16:46:26;2026-02-17 16:46:26;2026-02-17 16:46:26
um … zu;5;8a;2025-12-26 10:28:25;2026-01-27 12:02:34;2026-02-17 16:46:51;2026-02-17 16:46:51;2026-02-17 16:46:51
verleihen, er verleiht, verlieh, hat verliehen;5;8a;2025-12-26 10:28:31;2026-01-27 12:02:41;2026-02-17 16:47:37;2026-02-17 16:47:37;2026-02-17 16:47:37
vermeiden, er vermeidet, vermied, hat vermieden;5;8a;2025-12-26 11:33:22;2026-01-27 12:02:48;2026-02-17 16:48:04;2026-02-17 16:48:04;2026-02-17 16:48:04
verschwendung, die (sg.);5;8a;2025-12-26 11:33:26;2026-01-27 12:02:54;2026-02-17 16:48:30;2026-02-17 16:48:30;2026-02-17 16:48:30
zu tun haben (mit + d.) (was haben diese ideen mit der umwelt zu tun?);5;8a;2025-12-26 11:33:35;2026-01-27 12:03:00;2026-02-17 16:48:56;2026-02-17 16:48:56;2026-02-17 16:48:56
zurück|bekommen, er bekommt zurück, brachte zurück, hat zurückbekommen;5;8a;2025-12-26 11:33:46;2026-01-27 12:03:06;2026-02-18 20:51:51;2026-02-18 20:51:51;2026-02-18 20:51:51
zurück|bringen, er bringt zurück, brachte zurück, hat zurückgebracht;5;8a;2025-12-26 11:33:55;2026-01-27 12:03:12;2026-02-18 20:52:15;2026-02-18 20:52:15;2026-02-18 20:52:15
pfandbecher, der, -;5;9a;2025-12-26 11:34:01;2026-01-27 12:03:19;2026-02-18 20:52:39;2026-02-18 20:52:39;2026-02-18 20:52:39
retten;5;9a;2025-12-26 11:34:07;2026-01-27 12:03:26;2026-02-18 20:53:03;2026-02-18 20:53:03;2026-02-18 20:53:03
verlangen;5;9a;2025-12-26 11:34:13;2026-01-27 12:03:33;2026-02-18 20:53:29;2026-02-18 20:53:29;2026-02-18 20:53:29
wegwerfbecher, der, -;5;9a;2025-12-26 11:34:18;2026-01-27 12:03:39;2026-02-18 20:53:53;2026-02-18 20:53:53;2026-02-18 20:53:53
aktion, die, -en;5;9b;2025-12-26 11:34:21;2026-01-27 12:03:46;2026-02-18 20:54:18;2026-02-18 20:54:18;2026-02-18 20:54:18
elektronisch;5;9c;2025-12-26 11:34:32;2026-01-27 12:03:52;2026-02-18 20:54:44;2026-02-18 20:54:44;2026-02-18 20:54:44
stromverbrauch, der (sg.);5;9c;2025-12-26 11:34:37;2026-01-27 12:03:59;2026-02-18 20:55:07;2026-02-18 20:55:07;2026-02-18 20:55:07
umwelttipp, der, -s;5;9c;2025-12-26 11:34:41;2026-01-27 12:04:07;2026-02-18 20:55:30;2026-02-18 20:55:30;2026-02-18 20:55:30
verschmutzen;5;9c;2025-12-26 11:34:50;2026-01-27 12:04:13;2026-02-18 20:55:54;2026-02-18 20:55:54;2026-02-18 20:55:54
satzanfang, der, -e;5;9d;2025-12-26 11:34:55;2026-01-27 12:04:19;2026-02-18 20:56:19;2026-02-18 20:56:19;2026-02-18 20:56:19
ansicht, die, -en (ich bin der ansicht, dass …);5;10;2025-12-26 11:35:04;2026-01-27 12:04:25;2026-02-18 20:56:45;2026-02-18 20:56:45;2026-02-18 20:56:45
argument, das, -e;5;10;2025-12-26 11:35:08;2026-01-27 12:04:32;2026-02-18 20:57:08;2026-02-18 20:57:08;2026-02-18 20:57:08
standpunkt, der, -e;5;10;2025-12-26 11:35:11;2026-01-27 12:04:38;2026-02-18 20:57:32;2026-02-18 20:57:32;2026-02-18 20:57:32
stehen (2), er steht, stand, hat gestanden (ich stehe auf dem standpunkt, dass …);5;10;2025-12-26 11:35:22;2026-01-27 12:04:38;2026-02-18 20:57:32;2026-02-18 20:57:32;2026-02-18 20:57:32
überzeugt sein (von + d.);5;10;2026-01-26 14:12:28;2026-01-27 12:04:44;2026-02-18 20:57:57;2026-02-18 20:57:57;2026-02-18 20:57:57
umsonst;5;10;2026-01-26 14:12:36;2026-01-27 12:04:52;2026-02-18 20:58:21;2026-02-18 20:58:21;2026-02-18 20:58:21
uni-mensa, die, -mensen;5;10;2026-01-26 14:12:41;2026-01-27 12:04:58;2026-02-18 20:58:48;2026-02-18 20:58:48;2026-02-18 20:58:48
völlig;5;10;2026-01-26 14:12:49;2026-01-27 12:05:05;2026-02-18 20:59:13;2026-02-18 20:59:13;2026-02-18 20:59:13
widersprechen, er widerspricht, widersprach, hat widersprochen;5;10;2026-01-26 14:12:53;2026-01-27 12:05:10;2026-02-18 20:59:37;2026-02-18 20:59:37;2026-02-18 20:59:37
sich spiegeln;5;10a;2026-01-26 14:13:03;2026-01-27 12:05:16;2026-02-18 21:00:04;2026-02-18 21:00:04;2026-02-18 21:00:04
träumen;5;10a;2026-01-26 14:13:08;2026-01-27 12:05:23;2026-02-18 21:00:28;2026-02-18 21:00:28;2026-02-18 21:00:28
blitz, der, -e;5;11a;2026-01-26 14:13:14;2026-01-27 12:05:29;2026-02-18 21:00:52;2026-02-18 21:00:52;2026-02-18 21:00:52
blitzen;5;11a;2026-01-26 14:13:21;2026-01-27 12:05:36;2026-02-18 21:01:16;2026-02-18 21:01:16;2026-02-18 21:01:16
donner, der, -;5;11a;2026-01-26 14:13:30;2026-01-27 12:05:42;2026-02-18 21:01:41;2026-02-18 21:01:42;2026-02-18 21:01:42
donnern;5;11a;2026-01-26 14:13:37;2026-01-27 12:05:48;2026-02-18 21:02:07;2026-02-18 21:02:07;2026-02-18 21:02:07
feucht;5;11a;2026-01-26 14:13:42;2026-01-27 12:05:55;2026-02-18 21:02:30;2026-02-18 21:02:30;2026-02-18 21:02:30
hageln;5;11a;2026-01-26 14:13:49;2026-01-27 12:06:01;2026-02-18 21:02:55;2026-02-18 21:02:55;2026-02-18 21:02:55
mild;5;11a;2026-01-26 14:13:55;2026-01-27 12:06:07;2026-02-18 21:03:19;2026-02-18 21:03:19;2026-02-18 21:03:19
neblig;5;11a;2026-01-26 14:14:01;2026-01-27 12:06:13;2026-02-18 21:03:44;2026-02-18 21:03:44;2026-02-18 21:03:44
nieseln;5;11a;2026-01-26 14:14:10;2026-01-27 12:06:19;2026-02-18 21:04:08;2026-02-18 21:04:08;2026-02-18 21:04:08
regnerisch;5;11a;2026-01-26 14:14:14;2026-01-27 12:06:25;2026-02-18 21:04:34;2026-02-18 21:04:34;2026-02-18 21:04:34
schwül;5;11a;2026-01-26 14:14:19;2026-01-27 12:06:32;2026-02-18 21:04:58;2026-02-18 21:04:58;2026-02-18 21:04:58
stürmisch;5;11a;2026-01-26 14:14:27;2026-01-27 12:06:39;2026-02-19 14:02:17;2026-02-19 14:02:17;2026-02-19 14:02:17
traumwetter, das (sg.);5;11a;2026-01-26 14:14:37;2026-01-27 12:06:47;2026-02-19 14:03:02;2026-02-19 14:03:02;2026-02-19 14:03:02
wolkig;5;11a;2026-01-26 14:14:40;2026-01-27 12:06:53;2026-02-19 14:03:26;2026-02-19 14:03:26;2026-02-19 14:03:26
wettervorhersage, die, -n;5;11b;2026-01-26 14:14:49;2026-01-27 12:06:59;2026-02-19 14:03:52;2026-02-19 14:03:52;2026-02-19 14:03:52
vorhersage, die, -n;5;11c;2026-01-26 14:14:56;2026-01-27 12:07:04;2026-02-19 14:04:18;2026-02-19 14:04:18;2026-02-19 14:04:18
wetterbesserung, die (sg.);5;11c;2026-01-26 14:15:01;2026-01-27 12:07:12;2026-02-19 14:04:43;2026-02-19 14:04:43;2026-02-19 14:04:43
gedächtnis, das (sg.);5;12a;2026-01-26 14:15:05;2026-01-27 12:07:19;2026-02-19 14:05:07;2026-02-19 14:05:07;2026-02-19 14:05:07
herbststurm, der, -e;5;12a;2026-01-26 14:15:09;2026-01-27 12:07:27;2026-02-19 14:05:33;2026-02-19 14:05:33;2026-02-19 14:05:33
schneesturm, der, -e;5;12a;2026-01-26 14:15:15;2026-01-27 12:07:34;2026-02-19 14:06:01;2026-02-19 14:06:01;2026-02-19 14:06:01
sturm, der, -e;5;12a;2026-01-26 14:15:21;2026-01-27 12:07:40;2026-02-19 14:06:29;2026-02-19 14:06:29;2026-02-19 14:06:29
stürmen;5;12a;2026-01-26 14:15:29;2026-01-27 12:07:47;2026-02-19 14:06:54;2026-02-19 14:06:54;2026-02-19 14:06:54
auf|klären;5;13a;2026-01-26 14:15:39;2026-01-27 12:07:53;2026-02-19 14:07:20;2026-02-19 14:07:20;2026-02-19 14:07:20
beteiligen (sich) (an + d.);5;13a;2026-01-26 14:15:43;2026-01-27 12:08:00;2026-02-19 14:07:48;2026-02-19 14:07:48;2026-02-19 14:07:48
bevölkerung, die, -en;5;13a;2026-01-26 14:15:53;2026-01-27 12:08:07;2026-02-19 14:08:14;2026-02-19 14:08:14;2026-02-19 14:08:14
bürger, der, -;5;13a;2026-01-26 14:16:00;2026-01-27 12:08:13;2026-02-19 14:08:38;2026-02-19 14:08:38;2026-02-19 14:08:38
bürgerin, die, -nen;5;13a;2026-01-26 14:16:03;2026-01-27 12:08:21;2026-02-19 14:09:02;2026-02-19 14:09:02;2026-02-19 14:09:02
dienen (als + n.);5;13a;2026-01-26 14:16:10;2026-01-27 12:08:28;2026-02-19 14:09:31;2026-02-19 14:09:31;2026-02-19 14:09:31
drehen;5;13a;2026-01-26 14:16:18;2026-01-27 12:08:35;2026-02-19 14:09:54;2026-02-19 14:09:54;2026-02-19 14:09:54
engagement, das, -s;5;13a;2026-01-26 14:16:24;2026-01-27 12:08:41;2026-02-19 14:10:48;2026-02-19 14:10:48;2026-02-19 14:10:48
extra;5;13a;2026-01-26 14:16:39;2026-01-27 12:08:47;2026-02-19 14:11:15;2026-02-19 14:11:15;2026-02-19 14:11:15
geschützt;5;13a;2026-01-26 14:16:47;2026-01-27 12:08:53;2026-02-19 14:11:40;2026-02-19 14:11:40;2026-02-19 14:11:40
hauskatze, die, -n;5;13a;2026-01-26 14:16:52;2026-01-27 12:09:01;2026-02-19 14:12:03;2026-02-19 14:12:03;2026-02-19 14:12:03
hilflos;5;13a;2026-01-26 14:16:58;2026-01-27 12:09:07;2026-02-19 14:12:28;2026-02-19 14:12:28;2026-02-19 14:12:28
idee, die, -n (auf eine idee kommen);5;13a;2026-01-26 14:17:03;2026-01-27 12:09:12;2026-02-19 14:12:51;2026-02-19 14:12:51;2026-02-19 14:12:51
immer wieder;5;13a;2026-01-26 14:17:07;2026-01-27 12:09:19;2026-02-19 14:13:15;2026-02-19 14:13:15;2026-02-19 14:13:15
infomaterial, das, -ien;5;13a;2026-01-26 14:17:10;2026-01-27 12:09:26;2026-02-19 14:13:39;2026-02-19 14:13:39;2026-02-19 14:13:39
katzenfreund, der, -e;5;13a;2026-01-26 14:17:15;2026-01-27 12:09:33;2026-02-19 14:14:06;2026-02-19 14:14:06;2026-02-19 14:14:06
katzenfreundin, die, -nen;5;13a;2026-01-26 14:17:24;2026-01-27 12:09:40;2026-02-19 14:14:34;2026-02-19 14:14:34;2026-02-19 14:14:34
klima, das (sg.);5;13a;2026-01-26 14:17:27;2026-01-27 12:09:46;2026-02-19 14:15:01;2026-02-19 14:15:01;2026-02-19 14:15:01
ländlich;5;13a;2026-01-26 14:17:33;2026-01-27 12:09:53;2026-02-19 14:15:26;2026-02-19 14:15:26;2026-02-19 14:15:26
mitfahrbank, die, -e;5;13a;2026-01-26 14:17:41;2026-01-27 12:10:00;2026-02-19 14:15:51;2026-02-19 14:15:51;2026-02-19 14:15:51
nachbardorf, das, -er;5;13a;2026-01-26 14:17:48;2026-01-27 12:10:06;2026-02-19 14:16:16;2026-02-19 14:16:16;2026-02-19 14:16:16
naturfreund, der, -e;5;13a;2026-01-26 14:17:55;2026-01-27 12:10:12;2026-02-19 14:16:42;2026-02-19 14:16:42;2026-02-19 14:16:42
naturfreundin, die, -nen;5;13a;2026-01-26 14:18:00;2026-01-27 12:10:18;2026-02-19 14:17:09;2026-02-19 14:17:09;2026-02-19 14:17:09
pflanzen;5;13a;2026-01-26 14:18:10;2026-01-27 12:10:24;;;
schaden;5;13a;2026-01-26 14:18:23;2026-01-27 12:10:31;;;
schwierigkeit, die, -en;5;13a;2026-01-26 14:18:28;2026-01-27 12:10:38;;;
strauch, der, -er;5;13a;2026-01-26 14:18:34;2026-01-27 12:10:44;;;
themenwoche, die, -n;5;13a;2026-01-26 14:18:39;2026-01-27 12:10:52;;;
verteilen;5;13a;2026-01-26 14:18:47;2026-01-27 12:10:57;;;
vorort, der, -e;5;13a;2026-01-26 14:18:52;2026-01-27 12:11:03;;;
wildkatze, die, -n;5;13a;2026-01-26 14:18:58;2026-01-27 12:11:10;;;
zählen (2) (kannst du auf arabisch bis zehn zählen?);5;13a;2026-01-26 14:19:03;2026-01-27 12:11:10;;;
zeichen, das, -;5;13a;2026-01-26 15:19:04;2026-01-27 12:11:18;;;
an|schließen (2) (sich), er schließt an, schloss an, hat angeschlossen (beim plogging kann man sich einer gruppe anschließen.);5;13c;2026-01-26 15:19:12;2026-01-27 12:11:18;;;
auf|heben, er hebt auf, hob auf, hat aufgehoben;5;13c;2026-01-26 15:19:19;2026-01-27 12:11:29;;;
aufwändig;5;13c;2026-01-26 15:19:27;2026-01-27 12:11:35;;;
geschwindigkeit, die, -en;5;13c;2026-01-26 15:19:32;2026-01-27 12:11:42;;;
plogging, das (sg.);5;13c;2026-01-26 15:19:44;2026-01-27 12:11:49;;;
teilnehmer, der, -;5;13e;2026-01-26 15:19:49;2026-01-27 12:11:54;;;
teilnehmerin, die, -nen;5;13e;2026-01-26 15:19:54;2026-01-27 12:12:01;;;
bildunterschrift, die, -en;6;1a;2026-01-26 15:20:00;2026-01-27 12:12:08;;;
chip, der, -s;6;1a;2026-01-26 15:20:07;2026-01-27 12:12:15;;;
daten-chip, der, -s;6;1a;2026-01-26 15:20:16;2026-01-27 12:12:21;;;
drohne, die, -n;6;1a;2026-01-26 15:20:21;2026-01-27 12:12:27;;;
haut, die, -e;6;1a;2026-01-26 15:20:29;2026-01-27 12:12:34;;;
irgendwann;6;1a;2026-01-26 15:20:39;2026-01-27 12:12:40;;;
mars, der (sg.);6;1a;2026-01-26 15:20:51;2026-01-27 12:12:50;;;
mobilität, die (sg.);6;1a;2026-01-26 15:20:59;2026-01-27 12:12:56;;;
passagier, der, -e;6;1a;2026-01-26 15:21:08;2026-01-27 12:13:04;;;
passagierin, die, -nen;6;1a;2026-01-26 15:21:15;2026-01-27 12:13:10;;;
planet, der, -en;6;1a;2026-01-26 15:21:22;2026-01-27 12:13:16;;;
staubsaugen;6;1a;2026-01-26 15:21:29;2026-01-27 12:13:24;;;
übernehmen, er übernimmt, übernahm, hat übernommen (die aufgaben übernehmen);6;1a;2026-01-26 15:21:37;2026-01-27 12:13:31;;;
wohnanlage, die, -n;6;1a;2026-01-26 15:21:44;2026-01-27 12:13:38;;;
prognose, die, -n;6;1b;2026-01-26 15:21:52;2026-01-27 12:13:45;;;
von ... aus (ich arbeite viel von zu hause aus.);6;2a;2026-01-26 15:22:00;2026-01-27 12:13:50;;;
anlass, der, -e;6;3a;2026-01-26 15:22:06;2026-01-27 12:13:57;;;
silvester, - (ohne artikel);6;3a;2026-01-26 15:22:13;2026-01-27 12:14:03;;;
vor|nehmen (sich), er nimmt vor, nahm vor, hat vorgenommen;6;3a;2026-01-26 15:22:23;2026-01-27 12:14:11;;;
ausrede, die, -n;6;3b;2026-01-26 15:22:30;2026-01-27 12:14:20;;;
befragen;6;3b;2026-01-26 15:22:40;2026-01-27 12:14:26;;;
dauernd;6;3b;2026-01-26 15:22:47;2026-01-27 12:14:33;;;
einfach so;6;3b;2026-01-26 15:22:53;2026-01-27 12:14:39;;;
fassen (einen vorsatz fassen);6;3b;2026-01-26 15:23:03;2026-01-27 12:14:45;;;
frisch (2) (ich genieße die ruhe und die frische luft.);6;3b;2026-01-26 15:23:12;2026-01-27 12:14:45;;;
leser, der, -;6;3b;2026-01-26 15:23:24;2026-01-27 12:14:52;;;
leserin, die, -nen;6;3b;2026-01-26 15:23:35;2026-01-27 12:14:58;;;
süßes (papa, bringst du uns was süßes aus dem supermarkt mit?);6;3b;2026-01-26 15:23:40;2026-01-27 12:15:06;;;
vorsatz, der, -e (einen vorsatz fassen);6;3b;2026-01-26 15:23:49;2026-01-27 12:15:12;;;
werden (was wird sich in der zukunft ändern?);6;3b;2026-01-26 15:23:57;2026-01-27 12:15:18;;;
futur, das (sg.);6;3d;2026-01-26 15:24:03;2026-01-27 12:15:23;;;
wahrheit, die, -en;6;3e;2026-01-26 15:24:07;2026-01-27 12:15:29;;;
gelingen, es gelingt, gelang, ist gelungen;6;4a;2026-01-26 15:24:15;2026-01-27 12:15:35;;;
realisieren;6;4a;2026-01-26 15:24:25;2026-01-27 12:15:45;;;
sich langweilen;6;4a;2026-01-26 15:24:29;2026-01-27 12:15:52;;;
hauptproblem, das, -e;6;4b;2026-01-26 15:24:35;2026-01-27 12:15:58;;;
konkret;6;4b;2026-01-26 15:24:42;2026-01-27 15:45:51;;;
eventuell;6;5a;2026-01-26 15:24:50;2026-01-27 15:45:58;;;
n-deklination, die, -en;6;5a;2026-01-26 15:24:58;2026-01-27 15:46:11;;;
praktikant, der, -en;6;5a;2026-01-26 15:25:05;2026-01-27 15:46:20;;;
praktikantin, die, -nen;6;5a;2026-01-26 15:25:13;2026-01-27 15:46:29;;;
zitat, das, -e;6;5a;2026-01-26 15:25:18;2026-01-27 15:46:36;;;
affe, der, -n;6;5b;2026-01-26 15:25:26;2026-01-27 15:46:42;;;
elefant, der, -en;6;5b;2026-01-26 15:25:32;2026-01-27 15:46:50;;;
löwe, der, -n;6;5b;2026-01-26 15:25:43;2026-01-27 15:46:56;;;
pädagoge, der, -n;6;5b;2026-01-26 15:25:54;2026-01-27 15:47:05;;;
pädagogin, die, -nen;6;5b;2026-01-26 15:26:01;2026-01-27 15:47:12;;;
vokallänge, die, -n;6;6a;2026-01-26 15:26:07;2026-01-27 15:47:20;;;
sich verirren;6;6a;2026-01-26 15:26:17;2026-01-27 15:47:29;;;
anonym;6;7b;2026-01-26 15:26:26;2026-01-27 15:47:38;;;
arbeitsort, der, -e;6;7b;2026-01-26 15:26:35;2026-01-27 15:47:45;;;
auf|halten (3) (sich), er hält auf, hielt auf, hat aufgehalten (sie hält sich viel in der küche der wg auf.);6;7b;2026-01-26 15:26:40;2026-01-27 15:47:45;;;
aus|gehen (von + d.), er geht aus, ging aus, ist ausgegangen (experten gehen davon aus, dass …);6;7b;2026-01-26 15:26:50;2026-01-27 15:47:52;;;
autonom;6;7b;2026-01-26 15:26:58;2026-01-27 15:48:00;;;
befinden (sich), er befindet, befand, hat befunden;6;7b;2026-01-26 15:27:05;2026-01-27 15:48:06;;;
begegnen;6;7b;2026-01-26 15:27:16;2026-01-27 15:48:14;;;
dienstleistungsbereich, der, -e;6;7b;2026-01-26 15:27:28;2026-01-27 15:48:22;;;
erholungsmöglichkeit, die, -en;6;7b;2026-01-26 15:27:38;2026-01-27 15:48:29;;;
fünftel, das, -;6;7b;2026-01-26 15:27:44;2026-01-27 15:48:34;;;
fußweg, der, -e;6;7b;2026-01-26 15:27:52;2026-01-27 15:48:40;;;
grünfläche, die, -n;6;7b;2026-01-26 15:27:57;2026-01-27 15:48:51;;;
hausbewohner, der, -;6;7b;2026-01-26 15:28:07;2026-01-27 15:48:59;;;
hausbewohnerin, die, -nen;6;7b;2026-01-26 15:28:14;2026-01-27 15:49:10;;;
hausfassade, die, -n;6;7b;2026-01-26 15:28:22;2026-01-27 15:49:21;;;
heutig (heutige fahrzeuge können noch nicht fliegen.);6;7b;2026-01-26 15:28:30;2026-01-27 15:49:28;;;
homeoffice, das (sg.);6;7b;2026-01-26 15:28:38;2026-01-27 15:49:37;;;
längst;6;7b;2026-01-26 15:28:44;2026-01-27 15:49:46;;;
lauten;6;7b;2026-01-26 15:29:00;2026-01-27 15:49:52;;;
lebensqualität, die (sg.);6;7b;2026-01-26 15:29:10;2026-01-27 15:50:00;;;
lebenswert;6;7b;2026-01-26 15:29:20;2026-01-27 15:50:06;;;
mikro-wohnen, das (sg.);6;7b;2026-01-26 15:29:27;2026-01-27 15:50:13;;;
miteinander;6;7b;2026-01-26 15:29:35;2026-01-27 15:50:20;;;
prinzip, das, -ien;6;7b;2026-01-26 15:29:43;2026-01-27 15:50:35;;;
privatauto, das, -s;6;7b;2026-01-26 15:29:52;2026-01-27 15:50:42;;;
rolle, die, -n (geld spielt für viele eine wichtige rolle im leben.);6;7b;2026-01-26 15:29:59;2026-01-27 15:50:49;;;
solarzelle, die, -n;6;7b;2026-01-26 15:30:06;2026-01-27 15:50:57;;;
spielen (geld spielt für viele eine wichtige rolle im leben.);6;7b;2026-01-26 15:30:14;2026-01-27 15:51:07;;;
stadtviertel, das, -;6;7b;2026-01-26 15:30:21;2026-01-27 15:51:15;;;
vergrößern;6;7b;2026-01-26 15:30:33;2026-01-27 15:51:25;;;
voraussichtlich;6;7b;2026-01-26 15:30:40;2026-01-27 15:51:35;;;
wachsen, er wächst, wuchs, ist gewachsen;6;7b;2026-01-26 15:30:56;2026-01-27 15:51:47;;;
windturbine, die, -n;6;7b;2026-01-26 15:31:04;2026-01-27 15:51:54;;;
akademie, die, -n;6;7c;2026-01-26 15:31:10;2026-01-27 15:52:01;;;
altenheim, das, -e;6;7c;2026-01-26 15:31:16;2026-01-27 15:52:11;;;
fundbüro, das, -s;6;7c;2026-01-26 15:31:23;2026-01-27 15:52:20;;;
fußgängerzone, die, -n;6;7c;2026-01-26 15:31:29;2026-01-27 15:52:28;;;
hallenbad, das, -er;6;7c;2026-01-26 15:31:35;2026-01-27 15:52:38;;;
kindertagesstätte, die, -n;6;7c;2026-01-26 15:31:41;2026-01-27 15:52:47;;;
kiosk, der, -e;6;7c;2026-01-26 15:31:48;2026-01-27 15:52:55;;;
klinik, die, -en;6;7c;2026-01-26 15:31:53;2026-01-27 15:53:03;;;
tierpark, der, -s;6;7c;2026-01-26 15:32:02;2026-01-27 15:53:10;;;
volkshochschule, die, -n;6;7c;2026-01-26 15:32:09;2026-01-27 15:53:19;;;
zirkus, der, -se;6;7c;2026-01-26 15:32:16;2026-01-27 15:53:24;;;
anteil, der, -e;6;7d;2026-01-26 15:32:24;2026-01-27 15:53:31;;;
um|formulieren;6;8a;2026-01-26 15:32:33;2026-01-27 15:53:38;;;
sich leisten;6;8a;2026-01-26 15:32:39;2026-01-27 15:53:45;;;
kasus, der (sg.);6;8b;2026-01-26 15:32:47;2026-01-27 15:53:51;;;
bürgermeister, der, -;6;8c;2026-01-26 15:32:58;2026-01-27 15:53:59;;;
bürgermeisterin, die, -nen;6;8c;2026-01-26 15:33:05;2026-01-27 15:54:06;;;
bildung, die (sg.) (eine gute bildung hilft für das ganze leben.);6;8d;2026-01-26 15:33:12;2026-01-27 15:54:16;;;
möglicherweise;6;8d;2026-01-26 15:33:19;2026-01-27 15:54:23;;;
verkehrssituation, die, -en;6;8d;2026-01-26 15:33:27;2026-01-27 15:54:31;;;
wohnraum, der, -e;6;8d;2026-01-26 15:33:35;2026-01-27 15:54:37;;;
bass, der, -e;6;9;2026-01-26 15:33:45;2026-01-27 15:54:44;;;
flöte, die, -n;6;9;2026-01-26 15:33:51;2026-01-27 15:54:53;;;
musikinstrument, das, -e;6;9;2026-01-26 15:34:00;2026-01-27 15:55:00;;;
piano, das, -s;6;9;2026-01-26 15:34:11;2026-01-27 15:55:07;;;
schlagzeug, das, -e;6;9;2026-01-26 15:34:22;2026-01-27 15:55:13;;;
violine, die, -n;6;9;2026-01-26 15:34:31;2026-01-27 15:55:19;;;
vorfreude, die (sg.);6;9a;2026-01-26 15:34:39;2026-01-27 15:55:25;;;
melodie, die, -n;6;9b;2026-01-26 15:34:45;2026-01-27 15:55:31;;;
rhythmus, der, rhythmen;6;9b;2026-01-26 15:34:55;2026-01-27 15:55:38;;;
stern, der, -e;6;9b;2026-01-26 15:35:02;2026-01-27 15:55:44;;;
dahin;6;9c;2026-01-26 15:35:10;2026-01-27 15:55:50;;;
grad;6;9c;2026-01-26 15:35:19;2026-01-27 15:55:56;;;
hürde, die, -n;6;9c;2026-01-26 15:35:25;2026-01-27 15:56:02;;;
in der lage sein (ich bin grade nicht in der lage, mich zu bewegen.);6;9c;2026-01-26 15:35:34;2026-01-27 15:56:07;;;
liedzeile, die, -n;6;9c;2026-01-26 15:35:42;2026-01-27 15:56:19;;;
nach|denken, er denkt nach, dachte nach, hat nachgedacht;6;9c;2026-01-26 15:35:51;2026-01-27 15:56:28;;;
schweben;6;9c;2026-01-26 15:36:04;2026-01-27 15:56:36;;;
selber (ugs. für selbst);6;9c;2026-01-26 15:36:10;2026-01-27 15:56:46;;;
stapeln;6;9c;2026-01-26 15:36:19;2026-01-27 15:56:52;;;
tiefe, die, -n;6;9c;2026-01-26 15:36:28;2026-01-27 15:57:01;;;
umschreibung, die, -en;6;9c;2026-01-26 15:36:38;2026-01-27 15:57:07;;;
bewerten;6;9d;2026-01-26 15:36:45;2026-01-27 15:57:16;;;
kitschig;6;9d;2026-01-26 15:36:54;2026-01-27 15:57:24;;;
verständlich;6;9d;2026-01-26 15:37:02;2026-01-27 15:57:33;;;
auszeichnung, die, -en;6;10a;2026-01-26 15:37:09;2026-01-27 15:57:38;;;
biografie, die, -n;6;10a;2026-01-26 15:37:16;2026-01-27 15:57:49;;;
casting-show, die, -s;6;10a;2026-01-26 15:37:23;2026-01-27 15:57:54;;;
charts, die (pl.);6;10a;2026-01-26 15:37:33;2026-01-27 15:58:03;;;
coversong, der, -s;6;10a;2026-01-26 15:37:40;2026-01-27 15:58:13;;;
jury, die, -s;6;10a;2026-01-26 15:37:48;2026-01-27 15:58:19;;;
preis, der, -e;6;10a;2026-01-26 15:37:54;2026-01-27 15:58:26;;;
songwriter, der, -;6;10a;2026-01-26 15:38:04;2026-01-27 15:58:33;;;
songwriterin, die, -nen;6;10a;2026-01-26 15:38:12;2026-01-27 15:58:42;;;
sich informieren;6;10a;2026-01-26 15:38:19;2026-01-27 15:58:51;;;
mit|singen, er singt mit, sang mit, hat mitgesungen;6;10b;2026-01-26 15:38:24;2026-01-27 15:58:59;;;
song, der, -s;6;10b;2026-01-26 15:38:30;2026-01-27 15:59:06;;;
songtitel, der, -;6;10b;2026-01-26 15:38:37;2026-01-27 15:59:16;;;
